branch,v10_06_00_01p01,v10_06_00_04p04,n_files_present
metadata/metatree/key,1,1,2
metadata/metatree/value,1,1,2
recTree/rec.crt_hits..length,1,1,2
recTree/rec.crt_hits.pe,1,1,2
recTree/rec.crt_hits.plane,1,1,2
recTree/rec.crt_hits.position.x,1,1,2
recTree/rec.crt_hits.position.y,1,1,2
recTree/rec.crt_hits.position.z,1,1,2
recTree/rec.crt_hits.position_err.x,1,1,2
recTree/rec.crt_hits.position_err.y,1,1,2
recTree/rec.crt_hits.position_err.z,1,1,2
recTree/rec.crt_hits.t0,1,1,2
recTree/rec.crt_hits.t1,1,1,2
recTree/rec.crt_hits.time,1,1,2
recTree/rec.crt_spacepoints..length,1,1,2
recTree/rec.crt_spacepoints.complete,1,1,2
recTree/rec.crt_spacepoints.pe,1,1,2
recTree/rec.crt_spacepoints.position.x,1,1,2
recTree/rec.crt_spacepoints.position.y,1,1,2
recTree/rec.crt_spacepoints.position.z,1,1,2
recTree/rec.crt_spacepoints.position_err.x,1,1,2
recTree/rec.crt_spacepoints.position_err.y,1,1,2
recTree/rec.crt_spacepoints.position_err.z,1,1,2
recTree/rec.crt_spacepoints.time,1,1,2
recTree/rec.crt_spacepoints.time_err,1,1,2
recTree/rec.crt_tracks..length,1,1,2
recTree/rec.crt_tracks.hita.pe,1,1,2
recTree/rec.crt_tracks.hita.plane,1,1,2
recTree/rec.crt_tracks.hita.position.x,1,1,2
recTree/rec.crt_tracks.hita.position.y,1,1,2
recTree/rec.crt_tracks.hita.position.z,1,1,2
recTree/rec.crt_tracks.hita.position_err.x,1,1,2
recTree/rec.crt_tracks.hita.position_err.y,1,1,2
recTree/rec.crt_tracks.hita.position_err.z,1,1,2
recTree/rec.crt_tracks.hita.t0,1,1,2
recTree/rec.crt_tracks.hita.t1,1,1,2
recTree/rec.crt_tracks.hita.time,1,1,2
recTree/rec.crt_tracks.hitb.pe,1,1,2
recTree/rec.crt_tracks.hitb.plane,1,1,2
recTree/rec.crt_tracks.hitb.position.x,1,1,2
recTree/rec.crt_tracks.hitb.position.y,1,1,2
recTree/rec.crt_tracks.hitb.position.z,1,1,2
recTree/rec.crt_tracks.hitb.position_err.x,1,1,2
recTree/rec.crt_tracks.hitb.position_err.y,1,1,2
recTree/rec.crt_tracks.hitb.position_err.z,1,1,2
recTree/rec.crt_tracks.hitb.t0,1,1,2
recTree/rec.crt_tracks.hitb.t1,1,1,2
recTree/rec.crt_tracks.hitb.time,1,1,2
recTree/rec.crt_tracks.time,1,1,2
recTree/rec.crtpmt_matches..length,1,1,2
recTree/rec.crtpmt_matches.firstOpHitPeakTime,1,1,2
recTree/rec.crtpmt_matches.firstOpHitStartTime,1,1,2
recTree/rec.crtpmt_matches.flashClassification,1,1,2
recTree/rec.crtpmt_matches.flashGateTime,1,1,2
recTree/rec.crtpmt_matches.flashID,1,1,2
recTree/rec.crtpmt_matches.flashInBeam,1,1,2
recTree/rec.crtpmt_matches.flashInGate,1,1,2
recTree/rec.crtpmt_matches.flashPE,1,1,2
recTree/rec.crtpmt_matches.flashPosition.x,1,1,2
recTree/rec.crtpmt_matches.flashPosition.y,1,1,2
recTree/rec.crtpmt_matches.flashPosition.z,1,1,2
recTree/rec.crtpmt_matches.flashTime_us,1,1,2
recTree/rec.crtpmt_matches.flashYWidth,1,1,2
recTree/rec.crtpmt_matches.flashZWidth,1,1,2
recTree/rec.crtpmt_matches.matchedCRTHits..idx,1,1,2
recTree/rec.crtpmt_matches.matchedCRTHits..length,1,1,2
recTree/rec.crtpmt_matches.matchedCRTHits..totarraysize,1,1,2
recTree/rec.crtpmt_matches.matchedCRTHits.PMTTimeDiff,1,1,2
recTree/rec.crtpmt_matches.matchedCRTHits.position.x,1,1,2
recTree/rec.crtpmt_matches.matchedCRTHits.position.y,1,1,2
recTree/rec.crtpmt_matches.matchedCRTHits.position.z,1,1,2
recTree/rec.crtpmt_matches.matchedCRTHits.region,1,1,2
recTree/rec.crtpmt_matches.matchedCRTHits.sys,1,1,2
recTree/rec.crtpmt_matches.matchedCRTHits.time,1,1,2
recTree/rec.fake_reco..length,1,1,2
recTree/rec.fake_reco.filled,1,1,2
recTree/rec.fake_reco.hadrons..idx,1,1,2
recTree/rec.fake_reco.hadrons..length,1,1,2
recTree/rec.fake_reco.hadrons..totarraysize,1,1,2
recTree/rec.fake_reco.hadrons.contained,1,1,2
recTree/rec.fake_reco.hadrons.costh,1,1,2
recTree/rec.fake_reco.hadrons.ke,1,1,2
recTree/rec.fake_reco.hadrons.len,1,1,2
recTree/rec.fake_reco.hadrons.pid,1,1,2
recTree/rec.fake_reco.lepton.contained,1,1,2
recTree/rec.fake_reco.lepton.costh,1,1,2
recTree/rec.fake_reco.lepton.ke,1,1,2
recTree/rec.fake_reco.lepton.len,1,1,2
recTree/rec.fake_reco.lepton.pid,1,1,2
recTree/rec.fake_reco.nhad,1,1,2
recTree/rec.fake_reco.nuE,1,1,2
recTree/rec.fake_reco.vtx.x,1,1,2
recTree/rec.fake_reco.vtx.y,1,1,2
recTree/rec.fake_reco.vtx.z,1,1,2
recTree/rec.fake_reco.wgt,1,1,2
recTree/rec.hdr.bnbinfo..length,1,1,2
recTree/rec.hdr.bnbinfo.BTJT2,1,1,2
recTree/rec.hdr.bnbinfo.HP875,1,1,2
recTree/rec.hdr.bnbinfo.HPTG1,1,1,2
recTree/rec.hdr.bnbinfo.HPTG2,1,1,2
recTree/rec.hdr.bnbinfo.LM875A,1,1,2
recTree/rec.hdr.bnbinfo.LM875B,1,1,2
recTree/rec.hdr.bnbinfo.LM875C,1,1,2
recTree/rec.hdr.bnbinfo.M875BB,1,1,2
recTree/rec.hdr.bnbinfo.M875BB..idx,1,1,2
recTree/rec.hdr.bnbinfo.M875BB..length,1,1,2
recTree/rec.hdr.bnbinfo.M875BB..totarraysize,1,1,2
recTree/rec.hdr.bnbinfo.M875BB_spill_time_diff,1,1,2
recTree/rec.hdr.bnbinfo.M876BB,1,1,2
recTree/rec.hdr.bnbinfo.M876BB..idx,1,1,2
recTree/rec.hdr.bnbinfo.M876BB..length,1,1,2
recTree/rec.hdr.bnbinfo.M876BB..totarraysize,1,1,2
recTree/rec.hdr.bnbinfo.M876BB_spill_time_diff,1,1,2
recTree/rec.hdr.bnbinfo.MMBTBB,1,1,2
recTree/rec.hdr.bnbinfo.MMBTBB..idx,1,1,2
recTree/rec.hdr.bnbinfo.MMBTBB..length,1,1,2
recTree/rec.hdr.bnbinfo.MMBTBB..totarraysize,1,1,2
recTree/rec.hdr.bnbinfo.MMBTBB_spill_time_diff,1,1,2
recTree/rec.hdr.bnbinfo.THCURR,1,1,2
recTree/rec.hdr.bnbinfo.TOR860,1,1,2
recTree/rec.hdr.bnbinfo.TOR875,1,1,2
recTree/rec.hdr.bnbinfo.VP875,1,1,2
recTree/rec.hdr.bnbinfo.VPTG1,1,1,2
recTree/rec.hdr.bnbinfo.VPTG2,1,1,2
recTree/rec.hdr.bnbinfo.event,1,1,2
recTree/rec.hdr.bnbinfo.spill_time_nsec,1,1,2
recTree/rec.hdr.bnbinfo.spill_time_sec,1,1,2
recTree/rec.hdr.cluster,1,1,2
recTree/rec.hdr.det,1,1,2
recTree/rec.hdr.evt,1,1,2
recTree/rec.hdr.first_in_file,1,1,2
recTree/rec.hdr.first_in_subrun,1,1,2
recTree/rec.hdr.fno,1,1,2
recTree/rec.hdr.husk,1,1,2
recTree/rec.hdr.isblind,1,1,2
recTree/rec.hdr.ismc,1,1,2
recTree/rec.hdr.mctype,1,1,2
recTree/rec.hdr.nbnbinfo,1,1,2
recTree/rec.hdr.ngenevt,1,1,2
recTree/rec.hdr.nnumiinfo,1,1,2
recTree/rec.hdr.noffbeambnb,1,1,2
recTree/rec.hdr.noffbeamnumi,1,1,2
recTree/rec.hdr.numiinfo..length,1,1,2
recTree/rec.hdr.numiinfo.HITGT,1,1,2
recTree/rec.hdr.numiinfo.HITGT..idx,1,1,2
recTree/rec.hdr.numiinfo.HITGT..length,1,1,2
recTree/rec.hdr.numiinfo.HITGT..totarraysize,1,1,2
recTree/rec.hdr.numiinfo.HP121,1,1,2
recTree/rec.hdr.numiinfo.HP121..idx,1,1,2
recTree/rec.hdr.numiinfo.HP121..length,1,1,2
recTree/rec.hdr.numiinfo.HP121..totarraysize,1,1,2
recTree/rec.hdr.numiinfo.HPTGT,1,1,2
recTree/rec.hdr.numiinfo.HPTGT..idx,1,1,2
recTree/rec.hdr.numiinfo.HPTGT..length,1,1,2
recTree/rec.hdr.numiinfo.HPTGT..totarraysize,1,1,2
recTree/rec.hdr.numiinfo.HRNDIR,1,1,2
recTree/rec.hdr.numiinfo.MTGTDS,1,1,2
recTree/rec.hdr.numiinfo.MTGTDS..idx,1,1,2
recTree/rec.hdr.numiinfo.MTGTDS..length,1,1,2
recTree/rec.hdr.numiinfo.MTGTDS..totarraysize,1,1,2
recTree/rec.hdr.numiinfo.NSLINA,1,1,2
recTree/rec.hdr.numiinfo.NSLINB,1,1,2
recTree/rec.hdr.numiinfo.NSLINC,1,1,2
recTree/rec.hdr.numiinfo.NSLIND,1,1,2
recTree/rec.hdr.numiinfo.TOR101,1,1,2
recTree/rec.hdr.numiinfo.TORTGT,1,1,2
recTree/rec.hdr.numiinfo.TR101D,1,1,2
recTree/rec.hdr.numiinfo.TRTGTD,1,1,2
recTree/rec.hdr.numiinfo.VITGT,1,1,2
recTree/rec.hdr.numiinfo.VITGT..idx,1,1,2
recTree/rec.hdr.numiinfo.VITGT..length,1,1,2
recTree/rec.hdr.numiinfo.VITGT..totarraysize,1,1,2
recTree/rec.hdr.numiinfo.VP121,1,1,2
recTree/rec.hdr.numiinfo.VP121..idx,1,1,2
recTree/rec.hdr.numiinfo.VP121..length,1,1,2
recTree/rec.hdr.numiinfo.VP121..totarraysize,1,1,2
recTree/rec.hdr.numiinfo.VPTGT,1,1,2
recTree/rec.hdr.numiinfo.VPTGT..idx,1,1,2
recTree/rec.hdr.numiinfo.VPTGT..length,1,1,2
recTree/rec.hdr.numiinfo.VPTGT..totarraysize,1,1,2
recTree/rec.hdr.numiinfo.daq_gates,1,1,2
recTree/rec.hdr.numiinfo.event,1,1,2
recTree/rec.hdr.numiinfo.spill_time_ns,1,1,2
recTree/rec.hdr.numiinfo.spill_time_s,1,1,2
recTree/rec.hdr.numiinfo.time,1,1,2
recTree/rec.hdr.pot,1,1,2
recTree/rec.hdr.proc,1,1,2
recTree/rec.hdr.run,1,1,2
recTree/rec.hdr.sourceIndex,1,1,2
recTree/rec.hdr.sourceName,1,1,2
recTree/rec.hdr.sourceName..length,1,1,2
recTree/rec.hdr.sourceNameHash,1,1,2
recTree/rec.hdr.spillbnbinfo.BTJT2,1,1,2
recTree/rec.hdr.spillbnbinfo.HP875,1,1,2
recTree/rec.hdr.spillbnbinfo.HPTG1,1,1,2
recTree/rec.hdr.spillbnbinfo.HPTG2,1,1,2
recTree/rec.hdr.spillbnbinfo.LM875A,1,1,2
recTree/rec.hdr.spillbnbinfo.LM875B,1,1,2
recTree/rec.hdr.spillbnbinfo.LM875C,1,1,2
recTree/rec.hdr.spillbnbinfo.M875BB,1,1,2
recTree/rec.hdr.spillbnbinfo.M875BB..length,1,1,2
recTree/rec.hdr.spillbnbinfo.M875BB_spill_time_diff,1,1,2
recTree/rec.hdr.spillbnbinfo.M876BB,1,1,2
recTree/rec.hdr.spillbnbinfo.M876BB..length,1,1,2
recTree/rec.hdr.spillbnbinfo.M876BB_spill_time_diff,1,1,2
recTree/rec.hdr.spillbnbinfo.MMBTBB,1,1,2
recTree/rec.hdr.spillbnbinfo.MMBTBB..length,1,1,2
recTree/rec.hdr.spillbnbinfo.MMBTBB_spill_time_diff,1,1,2
recTree/rec.hdr.spillbnbinfo.THCURR,1,1,2
recTree/rec.hdr.spillbnbinfo.TOR860,1,1,2
recTree/rec.hdr.spillbnbinfo.TOR875,1,1,2
recTree/rec.hdr.spillbnbinfo.VP875,1,1,2
recTree/rec.hdr.spillbnbinfo.VPTG1,1,1,2
recTree/rec.hdr.spillbnbinfo.VPTG2,1,1,2
recTree/rec.hdr.spillbnbinfo.event,1,1,2
recTree/rec.hdr.spillbnbinfo.spill_time_nsec,1,1,2
recTree/rec.hdr.spillbnbinfo.spill_time_sec,1,1,2
recTree/rec.hdr.spillnumiinfo.HITGT,1,1,2
recTree/rec.hdr.spillnumiinfo.HITGT..length,1,1,2
recTree/rec.hdr.spillnumiinfo.HP121,1,1,2
recTree/rec.hdr.spillnumiinfo.HP121..length,1,1,2
recTree/rec.hdr.spillnumiinfo.HPTGT,1,1,2
recTree/rec.hdr.spillnumiinfo.HPTGT..length,1,1,2
recTree/rec.hdr.spillnumiinfo.HRNDIR,1,1,2
recTree/rec.hdr.spillnumiinfo.MTGTDS,1,1,2
recTree/rec.hdr.spillnumiinfo.MTGTDS..length,1,1,2
recTree/rec.hdr.spillnumiinfo.NSLINA,1,1,2
recTree/rec.hdr.spillnumiinfo.NSLINB,1,1,2
recTree/rec.hdr.spillnumiinfo.NSLINC,1,1,2
recTree/rec.hdr.spillnumiinfo.NSLIND,1,1,2
recTree/rec.hdr.spillnumiinfo.TOR101,1,1,2
recTree/rec.hdr.spillnumiinfo.TORTGT,1,1,2
recTree/rec.hdr.spillnumiinfo.TR101D,1,1,2
recTree/rec.hdr.spillnumiinfo.TRTGTD,1,1,2
recTree/rec.hdr.spillnumiinfo.VITGT,1,1,2
recTree/rec.hdr.spillnumiinfo.VITGT..length,1,1,2
recTree/rec.hdr.spillnumiinfo.VP121,1,1,2
recTree/rec.hdr.spillnumiinfo.VP121..length,1,1,2
recTree/rec.hdr.spillnumiinfo.VPTGT,1,1,2
recTree/rec.hdr.spillnumiinfo.VPTGT..length,1,1,2
recTree/rec.hdr.spillnumiinfo.daq_gates,1,1,2
recTree/rec.hdr.spillnumiinfo.event,1,1,2
recTree/rec.hdr.spillnumiinfo.spill_time_ns,1,1,2
recTree/rec.hdr.spillnumiinfo.spill_time_s,1,1,2
recTree/rec.hdr.spillnumiinfo.time,1,1,2
recTree/rec.hdr.subevt,1,1,2
recTree/rec.hdr.subrun,1,1,2
recTree/rec.hdr.triggerinfo.beam_gate_det_time,1,1,2
recTree/rec.hdr.triggerinfo.beam_gate_time_abs,1,1,2
recTree/rec.hdr.triggerinfo.gate_count,1,1,2
recTree/rec.hdr.triggerinfo.gate_delta,1,1,2
recTree/rec.hdr.triggerinfo.gate_id,1,1,2
recTree/rec.hdr.triggerinfo.global_trigger_det_time,1,1,2
recTree/rec.hdr.triggerinfo.global_trigger_time,1,1,2
recTree/rec.hdr.triggerinfo.prev_global_trigger_time,1,1,2
recTree/rec.hdr.triggerinfo.source_type,1,1,2
recTree/rec.hdr.triggerinfo.trigger_count,1,1,2
recTree/rec.hdr.triggerinfo.trigger_id,1,1,2
recTree/rec.hdr.triggerinfo.trigger_type,1,1,2
recTree/rec.hdr.triggerinfo.trigger_within_gate,1,1,2
recTree/rec.mc.nnu,1,1,2
recTree/rec.mc.nprtl,1,1,2
recTree/rec.mc.nu..length,1,1,2
recTree/rec.mc.nu.E,1,1,2
recTree/rec.mc.nu.Q2,1,1,2
recTree/rec.mc.nu.baseline,1,1,2
recTree/rec.mc.nu.bjorkenX,1,1,2
recTree/rec.mc.nu.cryostat,1,1,2
recTree/rec.mc.nu.det,1,1,2
recTree/rec.mc.nu.eccqe,1,1,2
recTree/rec.mc.nu.genVersion,1,1,2
recTree/rec.mc.nu.genVersion..idx,1,1,2
recTree/rec.mc.nu.genVersion..length,1,1,2
recTree/rec.mc.nu.genVersion..totarraysize,1,1,2
recTree/rec.mc.nu.generator,1,1,2
recTree/rec.mc.nu.genie_evtrec_idx,1,1,2
recTree/rec.mc.nu.genie_inttype,1,1,2
recTree/rec.mc.nu.genie_mode,1,1,2
recTree/rec.mc.nu.genweight,1,1,2
recTree/rec.mc.nu.hitnuc,1,1,2
recTree/rec.mc.nu.imp_weight,1,1,2
recTree/rec.mc.nu.index,1,1,2
recTree/rec.mc.nu.inelasticityY,1,1,2
recTree/rec.mc.nu.initpdg,1,1,2
recTree/rec.mc.nu.is_numucc_primary,1,1,2
recTree/rec.mc.nu.iscc,1,1,2
recTree/rec.mc.nu.ischarm,1,1,2
recTree/rec.mc.nu.isnc,1,1,2
recTree/rec.mc.nu.isseaquark,1,1,2
recTree/rec.mc.nu.isvtxcont,1,1,2
recTree/rec.mc.nu.modq,1,1,2
recTree/rec.mc.nu.modq_lab,1,1,2
recTree/rec.mc.nu.momentum.x,1,1,2
recTree/rec.mc.nu.momentum.y,1,1,2
recTree/rec.mc.nu.momentum.z,1,1,2
recTree/rec.mc.nu.nneutron,1,1,2
recTree/rec.mc.nu.npiminus,1,1,2
recTree/rec.mc.nu.npiplus,1,1,2
recTree/rec.mc.nu.npizero,1,1,2
recTree/rec.mc.nu.nprim,1,1,2
recTree/rec.mc.nu.nproton,1,1,2
recTree/rec.mc.nu.parent_dcy_E,1,1,2
recTree/rec.mc.nu.parent_dcy_mode,1,1,2
recTree/rec.mc.nu.parent_dcy_mom.x,1,1,2
recTree/rec.mc.nu.parent_dcy_mom.y,1,1,2
recTree/rec.mc.nu.parent_dcy_mom.z,1,1,2
recTree/rec.mc.nu.parent_pdg,1,1,2
recTree/rec.mc.nu.pdg,1,1,2
recTree/rec.mc.nu.plane.0.0.nhit,1,1,2
recTree/rec.mc.nu.plane.0.0.nhitprim,1,1,2
recTree/rec.mc.nu.plane.0.0.visE,1,1,2
recTree/rec.mc.nu.plane.0.1.nhit,1,1,2
recTree/rec.mc.nu.plane.0.1.nhitprim,1,1,2
recTree/rec.mc.nu.plane.0.1.visE,1,1,2
recTree/rec.mc.nu.plane.0.2.nhit,1,1,2
recTree/rec.mc.nu.plane.0.2.nhitprim,1,1,2
recTree/rec.mc.nu.plane.0.2.visE,1,1,2
recTree/rec.mc.nu.plane.1.0.nhit,1,1,2
recTree/rec.mc.nu.plane.1.0.nhitprim,1,1,2
recTree/rec.mc.nu.plane.1.0.visE,1,1,2
recTree/rec.mc.nu.plane.1.1.nhit,1,1,2
recTree/rec.mc.nu.plane.1.1.nhitprim,1,1,2
recTree/rec.mc.nu.plane.1.1.visE,1,1,2
recTree/rec.mc.nu.plane.1.2.nhit,1,1,2
recTree/rec.mc.nu.plane.1.2.nhitprim,1,1,2
recTree/rec.mc.nu.plane.1.2.visE,1,1,2
recTree/rec.mc.nu.position.x,1,1,2
recTree/rec.mc.nu.position.y,1,1,2
recTree/rec.mc.nu.position.z,1,1,2
recTree/rec.mc.nu.prim..idx,1,1,2
recTree/rec.mc.nu.prim..length,1,1,2
recTree/rec.mc.nu.prim..totarraysize,1,1,2
recTree/rec.mc.nu.prim.G4ID,1,1,2
recTree/rec.mc.nu.prim.cont_tpc,1,1,2
recTree/rec.mc.nu.prim.contained,1,1,2
recTree/rec.mc.nu.prim.crosses_tpc,1,1,2
recTree/rec.mc.nu.prim.cryostat,1,1,2
recTree/rec.mc.nu.prim.daughters,1,1,2
recTree/rec.mc.nu.prim.daughters..idx,1,1,2
recTree/rec.mc.nu.prim.daughters..length,1,1,2
recTree/rec.mc.nu.prim.daughters..totarraysize,1,1,2
recTree/rec.mc.nu.prim.end.x,1,1,2
recTree/rec.mc.nu.prim.end.y,1,1,2
recTree/rec.mc.nu.prim.end.z,1,1,2
recTree/rec.mc.nu.prim.endE,1,1,2
recTree/rec.mc.nu.prim.endT,1,1,2
recTree/rec.mc.nu.prim.end_process,1,1,2
recTree/rec.mc.nu.prim.endp.x,1,1,2
recTree/rec.mc.nu.prim.endp.y,1,1,2
recTree/rec.mc.nu.prim.endp.z,1,1,2
recTree/rec.mc.nu.prim.gen.x,1,1,2
recTree/rec.mc.nu.prim.gen.y,1,1,2
recTree/rec.mc.nu.prim.gen.z,1,1,2
recTree/rec.mc.nu.prim.genE,1,1,2
recTree/rec.mc.nu.prim.genT,1,1,2
recTree/rec.mc.nu.prim.generator,1,1,2
recTree/rec.mc.nu.prim.genp.x,1,1,2
recTree/rec.mc.nu.prim.genp.y,1,1,2
recTree/rec.mc.nu.prim.genp.z,1,1,2
recTree/rec.mc.nu.prim.gstatus,1,1,2
recTree/rec.mc.nu.prim.interaction_id,1,1,2
recTree/rec.mc.nu.prim.length,1,1,2
recTree/rec.mc.nu.prim.parent,1,1,2
recTree/rec.mc.nu.prim.pdg,1,1,2
recTree/rec.mc.nu.prim.plane.0.0.nhit,1,1,2
recTree/rec.mc.nu.prim.plane.0.0.visE,1,1,2
recTree/rec.mc.nu.prim.plane.0.1.nhit,1,1,2
recTree/rec.mc.nu.prim.plane.0.1.visE,1,1,2
recTree/rec.mc.nu.prim.plane.0.2.nhit,1,1,2
recTree/rec.mc.nu.prim.plane.0.2.visE,1,1,2
recTree/rec.mc.nu.prim.plane.1.0.nhit,1,1,2
recTree/rec.mc.nu.prim.plane.1.0.visE,1,1,2
recTree/rec.mc.nu.prim.plane.1.1.nhit,1,1,2
recTree/rec.mc.nu.prim.plane.1.1.visE,1,1,2
recTree/rec.mc.nu.prim.plane.1.2.nhit,1,1,2
recTree/rec.mc.nu.prim.plane.1.2.visE,1,1,2
recTree/rec.mc.nu.prim.start.x,1,1,2
recTree/rec.mc.nu.prim.start.y,1,1,2
recTree/rec.mc.nu.prim.start.z,1,1,2
recTree/rec.mc.nu.prim.startE,1,1,2
recTree/rec.mc.nu.prim.startT,1,1,2
recTree/rec.mc.nu.prim.start_process,1,1,2
recTree/rec.mc.nu.prim.startp.x,1,1,2
recTree/rec.mc.nu.prim.startp.y,1,1,2
recTree/rec.mc.nu.prim.startp.z,1,1,2
recTree/rec.mc.nu.prim.wallin,1,1,2
recTree/rec.mc.nu.prim.wallout,1,1,2
recTree/rec.mc.nu.prod_vtx.x,1,1,2
recTree/rec.mc.nu.prod_vtx.y,1,1,2
recTree/rec.mc.nu.prod_vtx.z,1,1,2
recTree/rec.mc.nu.q0,1,1,2
recTree/rec.mc.nu.q0_lab,1,1,2
recTree/rec.mc.nu.resnum,1,1,2
recTree/rec.mc.nu.t,1,1,2
recTree/rec.mc.nu.targetPDG,1,1,2
recTree/rec.mc.nu.time,1,1,2
recTree/rec.mc.nu.vtx.x,1,1,2
recTree/rec.mc.nu.vtx.y,1,1,2
recTree/rec.mc.nu.vtx.z,1,1,2
recTree/rec.mc.nu.w,1,1,2
recTree/rec.mc.nu.wgt..idx,1,1,2
recTree/rec.mc.nu.wgt..length,1,1,2
recTree/rec.mc.nu.wgt..totarraysize,1,1,2
recTree/rec.mc.nu.wgt.univ,1,1,2
recTree/rec.mc.nu.wgt.univ..idx,1,1,2
recTree/rec.mc.nu.wgt.univ..length,1,1,2
recTree/rec.mc.nu.wgt.univ..totarraysize,1,1,2
recTree/rec.mc.nu.xsec,1,1,2
recTree/rec.mc.prtl..length,1,1,2
recTree/rec.mc.prtl.C1,1,1,2
recTree/rec.mc.prtl.C2,1,1,2
recTree/rec.mc.prtl.C3,1,1,2
recTree/rec.mc.prtl.C4,1,1,2
recTree/rec.mc.prtl.C5,1,1,2
recTree/rec.mc.prtl.E,1,1,2
recTree/rec.mc.prtl.M,1,1,2
recTree/rec.mc.prtl.allowed_decay_fraction,1,1,2
recTree/rec.mc.prtl.cryostat,1,1,2
recTree/rec.mc.prtl.decay_length,1,1,2
recTree/rec.mc.prtl.decay_weight,1,1,2
recTree/rec.mc.prtl.enter.x,1,1,2
recTree/rec.mc.prtl.enter.y,1,1,2
recTree/rec.mc.prtl.enter.z,1,1,2
recTree/rec.mc.prtl.exit.x,1,1,2
recTree/rec.mc.prtl.exit.y,1,1,2
recTree/rec.mc.prtl.exit.z,1,1,2
recTree/rec.mc.prtl.flux_weight,1,1,2
recTree/rec.mc.prtl.gen,1,1,2
recTree/rec.mc.prtl.momentum.x,1,1,2
recTree/rec.mc.prtl.momentum.y,1,1,2
recTree/rec.mc.prtl.momentum.z,1,1,2
recTree/rec.mc.prtl.position.x,1,1,2
recTree/rec.mc.prtl.position.y,1,1,2
recTree/rec.mc.prtl.position.z,1,1,2
recTree/rec.mc.prtl.ray_weight,1,1,2
recTree/rec.mc.prtl.start.x,1,1,2
recTree/rec.mc.prtl.start.y,1,1,2
recTree/rec.mc.prtl.start.z,1,1,2
recTree/rec.mc.prtl.time,1,1,2
recTree/rec.ncrt_hits,1,1,2
recTree/rec.ncrt_spacepoints,1,1,2
recTree/rec.ncrt_tracks,1,1,2
recTree/rec.ncrtpmt_matches,1,1,2
recTree/rec.nfake_reco,1,1,2
recTree/rec.nopflashes,1,1,2
recTree/rec.nsbnd_crt_tracks,1,1,2
recTree/rec.nslc,1,1,2
recTree/rec.ntrue_particles,1,1,2
recTree/rec.opflashes..length,1,1,2
recTree/rec.opflashes.center.x,1,1,2
recTree/rec.opflashes.center.y,1,1,2
recTree/rec.opflashes.center.z,1,1,2
recTree/rec.opflashes.cryo,1,1,2
recTree/rec.opflashes.fasttototal,1,1,2
recTree/rec.opflashes.firstpmt,1,1,2
recTree/rec.opflashes.firsttime,1,1,2
recTree/rec.opflashes.onbeamtime,1,1,2
recTree/rec.opflashes.peperwall.0,1,1,2
recTree/rec.opflashes.peperwall.1,1,1,2
recTree/rec.opflashes.time,1,1,2
recTree/rec.opflashes.timemean,1,1,2
recTree/rec.opflashes.timesd,1,1,2
recTree/rec.opflashes.timewidth,1,1,2
recTree/rec.opflashes.totalpe,1,1,2
recTree/rec.opflashes.tpc,1,1,2
recTree/rec.opflashes.width.x,1,1,2
recTree/rec.opflashes.width.y,1,1,2
recTree/rec.opflashes.width.z,1,1,2
recTree/rec.pass_flashtrig,1,1,2
recTree/rec.reco.hit..length,1,1,2
recTree/rec.reco.hit.RMS,1,1,2
recTree/rec.reco.hit.cryoID,1,1,2
recTree/rec.reco.hit.integral,1,1,2
recTree/rec.reco.hit.peakAmplitude,1,1,2
recTree/rec.reco.hit.peakTime,1,1,2
recTree/rec.reco.hit.planeID,1,1,2
recTree/rec.reco.hit.spacepoint.ID,1,1,2
recTree/rec.reco.hit.spacepoint.XYZ.x,1,1,2
recTree/rec.reco.hit.spacepoint.XYZ.y,1,1,2
recTree/rec.reco.hit.spacepoint.XYZ.z,1,1,2
recTree/rec.reco.hit.spacepoint.chisq,1,1,2
recTree/rec.reco.hit.spacepoint.pfpID,1,1,2
recTree/rec.reco.hit.tpcID,1,1,2
recTree/rec.reco.hit.wireID,1,1,2
recTree/rec.reco.nhit,1,1,2
recTree/rec.reco.npfp,1,1,2
recTree/rec.reco.nstub,1,1,2
recTree/rec.reco.pfp..length,1,1,2
recTree/rec.reco.pfp.cnnscore.endmichel,1,1,2
recTree/rec.reco.pfp.cnnscore.michel,1,1,2
recTree/rec.reco.pfp.cnnscore.nclusters,1,1,2
recTree/rec.reco.pfp.cnnscore.noise,1,1,2
recTree/rec.reco.pfp.cnnscore.shower,1,1,2
recTree/rec.reco.pfp.cnnscore.track,1,1,2
recTree/rec.reco.pfp.daughters,1,1,2
recTree/rec.reco.pfp.daughters..idx,1,1,2
recTree/rec.reco.pfp.daughters..length,1,1,2
recTree/rec.reco.pfp.daughters..totarraysize,1,1,2
recTree/rec.reco.pfp.id,1,1,2
recTree/rec.reco.pfp.ndaughters,1,1,2
recTree/rec.reco.pfp.ngscore.bkg_frac,1,1,2
recTree/rec.reco.pfp.ngscore.dif_frac,1,1,2
recTree/rec.reco.pfp.ngscore.hip_frac,1,1,2
recTree/rec.reco.pfp.ngscore.mhl_frac,1,1,2
recTree/rec.reco.pfp.ngscore.mip_frac,1,1,2
recTree/rec.reco.pfp.ngscore.sem_cat,1,1,2
recTree/rec.reco.pfp.ngscore.shr_frac,1,1,2
recTree/rec.reco.pfp.parent,1,1,2
recTree/rec.reco.pfp.parent_is_primary,1,1,2
recTree/rec.reco.pfp.pfochar.chgendfrac,1,1,2
recTree/rec.reco.pfp.pfochar.chgfracspread,1,1,2
recTree/rec.reco.pfp.pfochar.concentration,1,1,2
recTree/rec.reco.pfp.pfochar.conicalness,1,1,2
recTree/rec.reco.pfp.pfochar.halototratio,1,1,2
recTree/rec.reco.pfp.pfochar.linfitdiff,1,1,2
recTree/rec.reco.pfp.pfochar.linfitgaplen,1,1,2
recTree/rec.reco.pfp.pfochar.linfitlen,1,1,2
recTree/rec.reco.pfp.pfochar.linfitrms,1,1,2
recTree/rec.reco.pfp.pfochar.openanglediff,1,1,2
recTree/rec.reco.pfp.pfochar.pca2ratio,1,1,2
recTree/rec.reco.pfp.pfochar.pca3ratio,1,1,2
recTree/rec.reco.pfp.pfochar.vtxdist,1,1,2
recTree/rec.reco.pfp.razzled.bestScore,1,1,2
recTree/rec.reco.pfp.razzled.electronScore,1,1,2
recTree/rec.reco.pfp.razzled.muonScore,1,1,2
recTree/rec.reco.pfp.razzled.pdg,1,1,2
recTree/rec.reco.pfp.razzled.photonScore,1,1,2
recTree/rec.reco.pfp.razzled.pionScore,1,1,2
recTree/rec.reco.pfp.razzled.protonScore,1,1,2
recTree/rec.reco.pfp.shw.bestplane,1,1,2
recTree/rec.reco.pfp.shw.bestplane_dEdx,1,1,2
recTree/rec.reco.pfp.shw.bestplane_energy,1,1,2
recTree/rec.reco.pfp.shw.conversion_gap,1,1,2
recTree/rec.reco.pfp.shw.cosmicDist,1,1,2
recTree/rec.reco.pfp.shw.density,1,1,2
recTree/rec.reco.pfp.shw.dir.x,1,1,2
recTree/rec.reco.pfp.shw.dir.y,1,1,2
recTree/rec.reco.pfp.shw.dir.z,1,1,2
recTree/rec.reco.pfp.shw.end.x,1,1,2
recTree/rec.reco.pfp.shw.end.y,1,1,2
recTree/rec.reco.pfp.shw.end.z,1,1,2
recTree/rec.reco.pfp.shw.len,1,1,2
recTree/rec.reco.pfp.shw.open_angle,1,1,2
recTree/rec.reco.pfp.shw.plane.0.dEdx,1,1,2
recTree/rec.reco.pfp.shw.plane.0.energy,1,1,2
recTree/rec.reco.pfp.shw.plane.0.nHits,1,1,2
recTree/rec.reco.pfp.shw.plane.0.wirePitch,1,1,2
recTree/rec.reco.pfp.shw.plane.1.dEdx,1,1,2
recTree/rec.reco.pfp.shw.plane.1.energy,1,1,2
recTree/rec.reco.pfp.shw.plane.1.nHits,1,1,2
recTree/rec.reco.pfp.shw.plane.1.wirePitch,1,1,2
recTree/rec.reco.pfp.shw.plane.2.dEdx,1,1,2
recTree/rec.reco.pfp.shw.plane.2.energy,1,1,2
recTree/rec.reco.pfp.shw.plane.2.nHits,1,1,2
recTree/rec.reco.pfp.shw.plane.2.wirePitch,1,1,2
recTree/rec.reco.pfp.shw.producer,1,1,2
recTree/rec.reco.pfp.shw.razzle.bestScore,1,1,2
recTree/rec.reco.pfp.shw.razzle.electronScore,1,1,2
recTree/rec.reco.pfp.shw.razzle.otherScore,1,1,2
recTree/rec.reco.pfp.shw.razzle.pdg,1,1,2
recTree/rec.reco.pfp.shw.razzle.photonScore,1,1,2
recTree/rec.reco.pfp.shw.selVars.densityGradient,1,1,2
recTree/rec.reco.pfp.shw.selVars.densityGradientPower,1,1,2
recTree/rec.reco.pfp.shw.selVars.showerResiduals,1,1,2
recTree/rec.reco.pfp.shw.selVars.showerResiduals..idx,1,1,2
recTree/rec.reco.pfp.shw.selVars.showerResiduals..length,1,1,2
recTree/rec.reco.pfp.shw.selVars.showerResiduals..totarraysize,1,1,2
recTree/rec.reco.pfp.shw.selVars.trackLength,1,1,2
recTree/rec.reco.pfp.shw.selVars.trackWidth,1,1,2
recTree/rec.reco.pfp.shw.start.x,1,1,2
recTree/rec.reco.pfp.shw.start.y,1,1,2
recTree/rec.reco.pfp.shw.start.z,1,1,2
recTree/rec.reco.pfp.shw.truth.bestmatch.G4ID,1,1,2
recTree/rec.reco.pfp.shw.truth.bestmatch.energy,1,1,2
recTree/rec.reco.pfp.shw.truth.bestmatch.energy_completeness,1,1,2
recTree/rec.reco.pfp.shw.truth.bestmatch.energy_purity,1,1,2
recTree/rec.reco.pfp.shw.truth.bestmatch.hit_completeness,1,1,2
recTree/rec.reco.pfp.shw.truth.bestmatch.hit_purity,1,1,2
recTree/rec.reco.pfp.shw.truth.eff,1,1,2
recTree/rec.reco.pfp.shw.truth.eff_cryo,1,1,2
recTree/rec.reco.pfp.shw.truth.matches..idx,1,1,2
recTree/rec.reco.pfp.shw.truth.matches..length,1,1,2
recTree/rec.reco.pfp.shw.truth.matches..totarraysize,1,1,2
recTree/rec.reco.pfp.shw.truth.matches.G4ID,1,1,2
recTree/rec.reco.pfp.shw.truth.matches.energy,1,1,2
recTree/rec.reco.pfp.shw.truth.matches.energy_completeness,1,1,2
recTree/rec.reco.pfp.shw.truth.matches.energy_purity,1,1,2
recTree/rec.reco.pfp.shw.truth.matches.hit_completeness,1,1,2
recTree/rec.reco.pfp.shw.truth.matches.hit_purity,1,1,2
recTree/rec.reco.pfp.shw.truth.nmatches,1,1,2
recTree/rec.reco.pfp.shw.truth.p.G4ID,1,1,2
recTree/rec.reco.pfp.shw.truth.p.cont_tpc,1,1,2
recTree/rec.reco.pfp.shw.truth.p.contained,1,1,2
recTree/rec.reco.pfp.shw.truth.p.crosses_tpc,1,1,2
recTree/rec.reco.pfp.shw.truth.p.cryostat,1,1,2
recTree/rec.reco.pfp.shw.truth.p.daughters,1,1,2
recTree/rec.reco.pfp.shw.truth.p.daughters..idx,1,1,2
recTree/rec.reco.pfp.shw.truth.p.daughters..length,1,1,2
recTree/rec.reco.pfp.shw.truth.p.daughters..totarraysize,1,1,2
recTree/rec.reco.pfp.shw.truth.p.end.x,1,1,2
recTree/rec.reco.pfp.shw.truth.p.end.y,1,1,2
recTree/rec.reco.pfp.shw.truth.p.end.z,1,1,2
recTree/rec.reco.pfp.shw.truth.p.endE,1,1,2
recTree/rec.reco.pfp.shw.truth.p.endT,1,1,2
recTree/rec.reco.pfp.shw.truth.p.end_process,1,1,2
recTree/rec.reco.pfp.shw.truth.p.endp.x,1,1,2
recTree/rec.reco.pfp.shw.truth.p.endp.y,1,1,2
recTree/rec.reco.pfp.shw.truth.p.endp.z,1,1,2
recTree/rec.reco.pfp.shw.truth.p.gen.x,1,1,2
recTree/rec.reco.pfp.shw.truth.p.gen.y,1,1,2
recTree/rec.reco.pfp.shw.truth.p.gen.z,1,1,2
recTree/rec.reco.pfp.shw.truth.p.genE,1,1,2
recTree/rec.reco.pfp.shw.truth.p.genT,1,1,2
recTree/rec.reco.pfp.shw.truth.p.generator,1,1,2
recTree/rec.reco.pfp.shw.truth.p.genp.x,1,1,2
recTree/rec.reco.pfp.shw.truth.p.genp.y,1,1,2
recTree/rec.reco.pfp.shw.truth.p.genp.z,1,1,2
recTree/rec.reco.pfp.shw.truth.p.gstatus,1,1,2
recTree/rec.reco.pfp.shw.truth.p.interaction_id,1,1,2
recTree/rec.reco.pfp.shw.truth.p.length,1,1,2
recTree/rec.reco.pfp.shw.truth.p.parent,1,1,2
recTree/rec.reco.pfp.shw.truth.p.pdg,1,1,2
recTree/rec.reco.pfp.shw.truth.p.plane.0.0.nhit,1,1,2
recTree/rec.reco.pfp.shw.truth.p.plane.0.0.visE,1,1,2
recTree/rec.reco.pfp.shw.truth.p.plane.0.1.nhit,1,1,2
recTree/rec.reco.pfp.shw.truth.p.plane.0.1.visE,1,1,2
recTree/rec.reco.pfp.shw.truth.p.plane.0.2.nhit,1,1,2
recTree/rec.reco.pfp.shw.truth.p.plane.0.2.visE,1,1,2
recTree/rec.reco.pfp.shw.truth.p.plane.1.0.nhit,1,1,2
recTree/rec.reco.pfp.shw.truth.p.plane.1.0.visE,1,1,2
recTree/rec.reco.pfp.shw.truth.p.plane.1.1.nhit,1,1,2
recTree/rec.reco.pfp.shw.truth.p.plane.1.1.visE,1,1,2
recTree/rec.reco.pfp.shw.truth.p.plane.1.2.nhit,1,1,2
recTree/rec.reco.pfp.shw.truth.p.plane.1.2.visE,1,1,2
recTree/rec.reco.pfp.shw.truth.p.start.x,1,1,2
recTree/rec.reco.pfp.shw.truth.p.start.y,1,1,2
recTree/rec.reco.pfp.shw.truth.p.start.z,1,1,2
recTree/rec.reco.pfp.shw.truth.p.startE,1,1,2
recTree/rec.reco.pfp.shw.truth.p.startT,1,1,2
recTree/rec.reco.pfp.shw.truth.p.start_process,1,1,2
recTree/rec.reco.pfp.shw.truth.p.startp.x,1,1,2
recTree/rec.reco.pfp.shw.truth.p.startp.y,1,1,2
recTree/rec.reco.pfp.shw.truth.p.startp.z,1,1,2
recTree/rec.reco.pfp.shw.truth.p.wallin,1,1,2
recTree/rec.reco.pfp.shw.truth.p.wallout,1,1,2
recTree/rec.reco.pfp.shw.truth.pur,1,1,2
recTree/rec.reco.pfp.shw.truth.visEintrk,1,1,2
recTree/rec.reco.pfp.slcID,1,1,2
recTree/rec.reco.pfp.t0,1,1,2
recTree/rec.reco.pfp.trackScore,1,1,2
recTree/rec.reco.pfp.trk.bestplane,1,1,2
recTree/rec.reco.pfp.trk.calo.0.charge,1,1,2
recTree/rec.reco.pfp.trk.calo.0.ke,1,1,2
recTree/rec.reco.pfp.trk.calo.0.nhit,1,1,2
recTree/rec.reco.pfp.trk.calo.0.points..idx,1,1,2
recTree/rec.reco.pfp.trk.calo.0.points..length,1,1,2
recTree/rec.reco.pfp.trk.calo.0.points..totarraysize,1,1,2
recTree/rec.reco.pfp.trk.calo.0.points.channel,1,1,2
recTree/rec.reco.pfp.trk.calo.0.points.dedx,1,1,2
recTree/rec.reco.pfp.trk.calo.0.points.dqdx,1,1,2
recTree/rec.reco.pfp.trk.calo.0.points.end,1,1,2
recTree/rec.reco.pfp.trk.calo.0.points.integral,1,1,2
recTree/rec.reco.pfp.trk.calo.0.points.mult,1,1,2
recTree/rec.reco.pfp.trk.calo.0.points.pitch,1,1,2
recTree/rec.reco.pfp.trk.calo.0.points.rr,1,1,2
recTree/rec.reco.pfp.trk.calo.0.points.start,1,1,2
recTree/rec.reco.pfp.trk.calo.0.points.sumadc,1,1,2
recTree/rec.reco.pfp.trk.calo.0.points.t,1,1,2
recTree/rec.reco.pfp.trk.calo.0.points.tpc,1,1,2
recTree/rec.reco.pfp.trk.calo.0.points.truth.h_e,1,1,2
recTree/rec.reco.pfp.trk.calo.0.points.truth.h_nelec,1,1,2
recTree/rec.reco.pfp.trk.calo.0.points.truth.p_e,1,1,2
recTree/rec.reco.pfp.trk.calo.0.points.truth.p_nelec,1,1,2
recTree/rec.reco.pfp.trk.calo.0.points.truth.pitch,1,1,2
recTree/rec.reco.pfp.trk.calo.0.points.truth.rr,1,1,2
recTree/rec.reco.pfp.trk.calo.0.points.truth.x,1,1,2
recTree/rec.reco.pfp.trk.calo.0.points.truth.y,1,1,2
recTree/rec.reco.pfp.trk.calo.0.points.truth.z,1,1,2
recTree/rec.reco.pfp.trk.calo.0.points.width,1,1,2
recTree/rec.reco.pfp.trk.calo.0.points.wire,1,1,2
recTree/rec.reco.pfp.trk.calo.0.points.x,1,1,2
recTree/rec.reco.pfp.trk.calo.0.points.y,1,1,2
recTree/rec.reco.pfp.trk.calo.0.points.z,1,1,2
recTree/rec.reco.pfp.trk.calo.1.charge,1,1,2
recTree/rec.reco.pfp.trk.calo.1.ke,1,1,2
recTree/rec.reco.pfp.trk.calo.1.nhit,1,1,2
recTree/rec.reco.pfp.trk.calo.1.points..idx,1,1,2
recTree/rec.reco.pfp.trk.calo.1.points..length,1,1,2
recTree/rec.reco.pfp.trk.calo.1.points..totarraysize,1,1,2
recTree/rec.reco.pfp.trk.calo.1.points.channel,1,1,2
recTree/rec.reco.pfp.trk.calo.1.points.dedx,1,1,2
recTree/rec.reco.pfp.trk.calo.1.points.dqdx,1,1,2
recTree/rec.reco.pfp.trk.calo.1.points.end,1,1,2
recTree/rec.reco.pfp.trk.calo.1.points.integral,1,1,2
recTree/rec.reco.pfp.trk.calo.1.points.mult,1,1,2
recTree/rec.reco.pfp.trk.calo.1.points.pitch,1,1,2
recTree/rec.reco.pfp.trk.calo.1.points.rr,1,1,2
recTree/rec.reco.pfp.trk.calo.1.points.start,1,1,2
recTree/rec.reco.pfp.trk.calo.1.points.sumadc,1,1,2
recTree/rec.reco.pfp.trk.calo.1.points.t,1,1,2
recTree/rec.reco.pfp.trk.calo.1.points.tpc,1,1,2
recTree/rec.reco.pfp.trk.calo.1.points.truth.h_e,1,1,2
recTree/rec.reco.pfp.trk.calo.1.points.truth.h_nelec,1,1,2
recTree/rec.reco.pfp.trk.calo.1.points.truth.p_e,1,1,2
recTree/rec.reco.pfp.trk.calo.1.points.truth.p_nelec,1,1,2
recTree/rec.reco.pfp.trk.calo.1.points.truth.pitch,1,1,2
recTree/rec.reco.pfp.trk.calo.1.points.truth.rr,1,1,2
recTree/rec.reco.pfp.trk.calo.1.points.truth.x,1,1,2
recTree/rec.reco.pfp.trk.calo.1.points.truth.y,1,1,2
recTree/rec.reco.pfp.trk.calo.1.points.truth.z,1,1,2
recTree/rec.reco.pfp.trk.calo.1.points.width,1,1,2
recTree/rec.reco.pfp.trk.calo.1.points.wire,1,1,2
recTree/rec.reco.pfp.trk.calo.1.points.x,1,1,2
recTree/rec.reco.pfp.trk.calo.1.points.y,1,1,2
recTree/rec.reco.pfp.trk.calo.1.points.z,1,1,2
recTree/rec.reco.pfp.trk.calo.2.charge,1,1,2
recTree/rec.reco.pfp.trk.calo.2.ke,1,1,2
recTree/rec.reco.pfp.trk.calo.2.nhit,1,1,2
recTree/rec.reco.pfp.trk.calo.2.points..idx,1,1,2
recTree/rec.reco.pfp.trk.calo.2.points..length,1,1,2
recTree/rec.reco.pfp.trk.calo.2.points..totarraysize,1,1,2
recTree/rec.reco.pfp.trk.calo.2.points.channel,1,1,2
recTree/rec.reco.pfp.trk.calo.2.points.dedx,1,1,2
recTree/rec.reco.pfp.trk.calo.2.points.dqdx,1,1,2
recTree/rec.reco.pfp.trk.calo.2.points.end,1,1,2
recTree/rec.reco.pfp.trk.calo.2.points.integral,1,1,2
recTree/rec.reco.pfp.trk.calo.2.points.mult,1,1,2
recTree/rec.reco.pfp.trk.calo.2.points.pitch,1,1,2
recTree/rec.reco.pfp.trk.calo.2.points.rr,1,1,2
recTree/rec.reco.pfp.trk.calo.2.points.start,1,1,2
recTree/rec.reco.pfp.trk.calo.2.points.sumadc,1,1,2
recTree/rec.reco.pfp.trk.calo.2.points.t,1,1,2
recTree/rec.reco.pfp.trk.calo.2.points.tpc,1,1,2
recTree/rec.reco.pfp.trk.calo.2.points.truth.h_e,1,1,2
recTree/rec.reco.pfp.trk.calo.2.points.truth.h_nelec,1,1,2
recTree/rec.reco.pfp.trk.calo.2.points.truth.p_e,1,1,2
recTree/rec.reco.pfp.trk.calo.2.points.truth.p_nelec,1,1,2
recTree/rec.reco.pfp.trk.calo.2.points.truth.pitch,1,1,2
recTree/rec.reco.pfp.trk.calo.2.points.truth.rr,1,1,2
recTree/rec.reco.pfp.trk.calo.2.points.truth.x,1,1,2
recTree/rec.reco.pfp.trk.calo.2.points.truth.y,1,1,2
recTree/rec.reco.pfp.trk.calo.2.points.truth.z,1,1,2
recTree/rec.reco.pfp.trk.calo.2.points.width,1,1,2
recTree/rec.reco.pfp.trk.calo.2.points.wire,1,1,2
recTree/rec.reco.pfp.trk.calo.2.points.x,1,1,2
recTree/rec.reco.pfp.trk.calo.2.points.y,1,1,2
recTree/rec.reco.pfp.trk.calo.2.points.z,1,1,2
recTree/rec.reco.pfp.trk.chi2pid.0.chi2_kaon,1,1,2
recTree/rec.reco.pfp.trk.chi2pid.0.chi2_muon,1,1,2
recTree/rec.reco.pfp.trk.chi2pid.0.chi2_pion,1,1,2
recTree/rec.reco.pfp.trk.chi2pid.0.chi2_proton,1,1,2
recTree/rec.reco.pfp.trk.chi2pid.0.pdg,1,1,2
recTree/rec.reco.pfp.trk.chi2pid.0.pid_ndof,1,1,2
recTree/rec.reco.pfp.trk.chi2pid.0.pida,1,1,2
recTree/rec.reco.pfp.trk.chi2pid.1.chi2_kaon,1,1,2
recTree/rec.reco.pfp.trk.chi2pid.1.chi2_muon,1,1,2
recTree/rec.reco.pfp.trk.chi2pid.1.chi2_pion,1,1,2
recTree/rec.reco.pfp.trk.chi2pid.1.chi2_proton,1,1,2
recTree/rec.reco.pfp.trk.chi2pid.1.pdg,1,1,2
recTree/rec.reco.pfp.trk.chi2pid.1.pid_ndof,1,1,2
recTree/rec.reco.pfp.trk.chi2pid.1.pida,1,1,2
recTree/rec.reco.pfp.trk.chi2pid.2.chi2_kaon,1,1,2
recTree/rec.reco.pfp.trk.chi2pid.2.chi2_muon,1,1,2
recTree/rec.reco.pfp.trk.chi2pid.2.chi2_pion,1,1,2
recTree/rec.reco.pfp.trk.chi2pid.2.chi2_proton,1,1,2
recTree/rec.reco.pfp.trk.chi2pid.2.pdg,1,1,2
recTree/rec.reco.pfp.trk.chi2pid.2.pid_ndof,1,1,2
recTree/rec.reco.pfp.trk.chi2pid.2.pida,1,1,2
recTree/rec.reco.pfp.trk.costh,1,1,2
recTree/rec.reco.pfp.trk.crthit.crossX,1,1,2
recTree/rec.reco.pfp.trk.crthit.crossY,1,1,2
recTree/rec.reco.pfp.trk.crthit.crossZ,1,1,2
recTree/rec.reco.pfp.trk.crthit.deltaX,1,1,2
recTree/rec.reco.pfp.trk.crthit.deltaY,1,1,2
recTree/rec.reco.pfp.trk.crthit.deltaZ,1,1,2
recTree/rec.reco.pfp.trk.crthit.distance,1,1,2
recTree/rec.reco.pfp.trk.crthit.hit.pe,1,1,2
recTree/rec.reco.pfp.trk.crthit.hit.plane,1,1,2
recTree/rec.reco.pfp.trk.crthit.hit.position.x,1,1,2
recTree/rec.reco.pfp.trk.crthit.hit.position.y,1,1,2
recTree/rec.reco.pfp.trk.crthit.hit.position.z,1,1,2
recTree/rec.reco.pfp.trk.crthit.hit.position_err.x,1,1,2
recTree/rec.reco.pfp.trk.crthit.hit.position_err.y,1,1,2
recTree/rec.reco.pfp.trk.crthit.hit.position_err.z,1,1,2
recTree/rec.reco.pfp.trk.crthit.hit.t0,1,1,2
recTree/rec.reco.pfp.trk.crthit.hit.t1,1,1,2
recTree/rec.reco.pfp.trk.crthit.hit.time,1,1,2
recTree/rec.reco.pfp.trk.crthit.region,1,1,2
recTree/rec.reco.pfp.trk.crthit.sys,1,1,2
recTree/rec.reco.pfp.trk.crtsbndtrack.score,1,1,2
recTree/rec.reco.pfp.trk.crtsbndtrack.track.pe,1,1,2
recTree/rec.reco.pfp.trk.crtsbndtrack.track.points..idx,1,1,2
recTree/rec.reco.pfp.trk.crtsbndtrack.track.points..length,1,1,2
recTree/rec.reco.pfp.trk.crtsbndtrack.track.points..totarraysize,1,1,2
recTree/rec.reco.pfp.trk.crtsbndtrack.track.points.x,1,1,2
recTree/rec.reco.pfp.trk.crtsbndtrack.track.points.y,1,1,2
recTree/rec.reco.pfp.trk.crtsbndtrack.track.points.z,1,1,2
recTree/rec.reco.pfp.trk.crtsbndtrack.track.time,1,1,2
recTree/rec.reco.pfp.trk.crtsbndtrack.track.time_err,1,1,2
recTree/rec.reco.pfp.trk.crtsbndtrack.track.tof,1,1,2
recTree/rec.reco.pfp.trk.crtspacepoint.score,1,1,2
recTree/rec.reco.pfp.trk.crtspacepoint.spacepoint.complete,1,1,2
recTree/rec.reco.pfp.trk.crtspacepoint.spacepoint.pe,1,1,2
recTree/rec.reco.pfp.trk.crtspacepoint.spacepoint.position.x,1,1,2
recTree/rec.reco.pfp.trk.crtspacepoint.spacepoint.position.y,1,1,2
recTree/rec.reco.pfp.trk.crtspacepoint.spacepoint.position.z,1,1,2
recTree/rec.reco.pfp.trk.crtspacepoint.spacepoint.position_err.x,1,1,2
recTree/rec.reco.pfp.trk.crtspacepoint.spacepoint.position_err.y,1,1,2
recTree/rec.reco.pfp.trk.crtspacepoint.spacepoint.position_err.z,1,1,2
recTree/rec.reco.pfp.trk.crtspacepoint.spacepoint.time,1,1,2
recTree/rec.reco.pfp.trk.crtspacepoint.spacepoint.time_err,1,1,2
recTree/rec.reco.pfp.trk.crttrack.angle,1,1,2
recTree/rec.reco.pfp.trk.crttrack.time,1,1,2
recTree/rec.reco.pfp.trk.dazzle.bestScore,1,1,2
recTree/rec.reco.pfp.trk.dazzle.muonScore,1,1,2
recTree/rec.reco.pfp.trk.dazzle.otherScore,1,1,2
recTree/rec.reco.pfp.trk.dazzle.pdg,1,1,2
recTree/rec.reco.pfp.trk.dazzle.pionScore,1,1,2
recTree/rec.reco.pfp.trk.dazzle.protonScore,1,1,2
recTree/rec.reco.pfp.trk.dir.x,1,1,2
recTree/rec.reco.pfp.trk.dir.y,1,1,2
recTree/rec.reco.pfp.trk.dir.z,1,1,2
recTree/rec.reco.pfp.trk.dir_end.x,1,1,2
recTree/rec.reco.pfp.trk.dir_end.y,1,1,2
recTree/rec.reco.pfp.trk.dir_end.z,1,1,2
recTree/rec.reco.pfp.trk.end.x,1,1,2
recTree/rec.reco.pfp.trk.end.y,1,1,2
recTree/rec.reco.pfp.trk.end.z,1,1,2
recTree/rec.reco.pfp.trk.len,1,1,2
recTree/rec.reco.pfp.trk.mcsP.bwdP_err_kaon,1,1,2
recTree/rec.reco.pfp.trk.mcsP.bwdP_err_muon,1,1,2
recTree/rec.reco.pfp.trk.mcsP.bwdP_err_pion,1,1,2
recTree/rec.reco.pfp.trk.mcsP.bwdP_err_proton,1,1,2
recTree/rec.reco.pfp.trk.mcsP.bwdP_kaon,1,1,2
recTree/rec.reco.pfp.trk.mcsP.bwdP_muon,1,1,2
recTree/rec.reco.pfp.trk.mcsP.bwdP_pion,1,1,2
recTree/rec.reco.pfp.trk.mcsP.bwdP_proton,1,1,2
recTree/rec.reco.pfp.trk.mcsP.fwdP_err_kaon,1,1,2
recTree/rec.reco.pfp.trk.mcsP.fwdP_err_muon,1,1,2
recTree/rec.reco.pfp.trk.mcsP.fwdP_err_pion,1,1,2
recTree/rec.reco.pfp.trk.mcsP.fwdP_err_proton,1,1,2
recTree/rec.reco.pfp.trk.mcsP.fwdP_kaon,1,1,2
recTree/rec.reco.pfp.trk.mcsP.fwdP_muon,1,1,2
recTree/rec.reco.pfp.trk.mcsP.fwdP_pion,1,1,2
recTree/rec.reco.pfp.trk.mcsP.fwdP_proton,1,1,2
recTree/rec.reco.pfp.trk.mcsP.is_bwd_kaon,1,1,2
recTree/rec.reco.pfp.trk.mcsP.is_bwd_muon,1,1,2
recTree/rec.reco.pfp.trk.mcsP.is_bwd_pion,1,1,2
recTree/rec.reco.pfp.trk.mcsP.is_bwd_proton,1,1,2
recTree/rec.reco.pfp.trk.mcsP.seg_length,1,1,2
recTree/rec.reco.pfp.trk.mcsP.seg_length..idx,1,1,2
recTree/rec.reco.pfp.trk.mcsP.seg_length..length,1,1,2
recTree/rec.reco.pfp.trk.mcsP.seg_length..totarraysize,1,1,2
recTree/rec.reco.pfp.trk.mcsP.seg_scatter_angles,1,1,2
recTree/rec.reco.pfp.trk.mcsP.seg_scatter_angles..idx,1,1,2
recTree/rec.reco.pfp.trk.mcsP.seg_scatter_angles..length,1,1,2
recTree/rec.reco.pfp.trk.mcsP.seg_scatter_angles..totarraysize,1,1,2
recTree/rec.reco.pfp.trk.npts,1,1,2
recTree/rec.reco.pfp.trk.phi,1,1,2
recTree/rec.reco.pfp.trk.producer,1,1,2
recTree/rec.reco.pfp.trk.rangeP.p_muon,1,1,2
recTree/rec.reco.pfp.trk.rangeP.p_pion,1,1,2
recTree/rec.reco.pfp.trk.rangeP.p_proton,1,1,2
recTree/rec.reco.pfp.trk.scatterClosestApproach.max,1,1,2
recTree/rec.reco.pfp.trk.scatterClosestApproach.mean,1,1,2
recTree/rec.reco.pfp.trk.scatterClosestApproach.stdDev,1,1,2
recTree/rec.reco.pfp.trk.start.x,1,1,2
recTree/rec.reco.pfp.trk.start.y,1,1,2
recTree/rec.reco.pfp.trk.start.z,1,1,2
recTree/rec.reco.pfp.trk.stoppingChi2Fit.expChi2,1,1,2
recTree/rec.reco.pfp.trk.stoppingChi2Fit.pol0Chi2,1,1,2
recTree/rec.reco.pfp.trk.stoppingChi2Fit.pol0Fit,1,1,2
recTree/rec.reco.pfp.trk.truth.bestmatch.G4ID,1,1,2
recTree/rec.reco.pfp.trk.truth.bestmatch.energy,1,1,2
recTree/rec.reco.pfp.trk.truth.bestmatch.energy_completeness,1,1,2
recTree/rec.reco.pfp.trk.truth.bestmatch.energy_purity,1,1,2
recTree/rec.reco.pfp.trk.truth.bestmatch.hit_completeness,1,1,2
recTree/rec.reco.pfp.trk.truth.bestmatch.hit_purity,1,1,2
recTree/rec.reco.pfp.trk.truth.eff,1,1,2
recTree/rec.reco.pfp.trk.truth.eff_cryo,1,1,2
recTree/rec.reco.pfp.trk.truth.matches..idx,1,1,2
recTree/rec.reco.pfp.trk.truth.matches..length,1,1,2
recTree/rec.reco.pfp.trk.truth.matches..totarraysize,1,1,2
recTree/rec.reco.pfp.trk.truth.matches.G4ID,1,1,2
recTree/rec.reco.pfp.trk.truth.matches.energy,1,1,2
recTree/rec.reco.pfp.trk.truth.matches.energy_completeness,1,1,2
recTree/rec.reco.pfp.trk.truth.matches.energy_purity,1,1,2
recTree/rec.reco.pfp.trk.truth.matches.hit_completeness,1,1,2
recTree/rec.reco.pfp.trk.truth.matches.hit_purity,1,1,2
recTree/rec.reco.pfp.trk.truth.nmatches,1,1,2
recTree/rec.reco.pfp.trk.truth.p.G4ID,1,1,2
recTree/rec.reco.pfp.trk.truth.p.cont_tpc,1,1,2
recTree/rec.reco.pfp.trk.truth.p.contained,1,1,2
recTree/rec.reco.pfp.trk.truth.p.crosses_tpc,1,1,2
recTree/rec.reco.pfp.trk.truth.p.cryostat,1,1,2
recTree/rec.reco.pfp.trk.truth.p.daughters,1,1,2
recTree/rec.reco.pfp.trk.truth.p.daughters..idx,1,1,2
recTree/rec.reco.pfp.trk.truth.p.daughters..length,1,1,2
recTree/rec.reco.pfp.trk.truth.p.daughters..totarraysize,1,1,2
recTree/rec.reco.pfp.trk.truth.p.end.x,1,1,2
recTree/rec.reco.pfp.trk.truth.p.end.y,1,1,2
recTree/rec.reco.pfp.trk.truth.p.end.z,1,1,2
recTree/rec.reco.pfp.trk.truth.p.endE,1,1,2
recTree/rec.reco.pfp.trk.truth.p.endT,1,1,2
recTree/rec.reco.pfp.trk.truth.p.end_process,1,1,2
recTree/rec.reco.pfp.trk.truth.p.endp.x,1,1,2
recTree/rec.reco.pfp.trk.truth.p.endp.y,1,1,2
recTree/rec.reco.pfp.trk.truth.p.endp.z,1,1,2
recTree/rec.reco.pfp.trk.truth.p.gen.x,1,1,2
recTree/rec.reco.pfp.trk.truth.p.gen.y,1,1,2
recTree/rec.reco.pfp.trk.truth.p.gen.z,1,1,2
recTree/rec.reco.pfp.trk.truth.p.genE,1,1,2
recTree/rec.reco.pfp.trk.truth.p.genT,1,1,2
recTree/rec.reco.pfp.trk.truth.p.generator,1,1,2
recTree/rec.reco.pfp.trk.truth.p.genp.x,1,1,2
recTree/rec.reco.pfp.trk.truth.p.genp.y,1,1,2
recTree/rec.reco.pfp.trk.truth.p.genp.z,1,1,2
recTree/rec.reco.pfp.trk.truth.p.gstatus,1,1,2
recTree/rec.reco.pfp.trk.truth.p.interaction_id,1,1,2
recTree/rec.reco.pfp.trk.truth.p.length,1,1,2
recTree/rec.reco.pfp.trk.truth.p.parent,1,1,2
recTree/rec.reco.pfp.trk.truth.p.pdg,1,1,2
recTree/rec.reco.pfp.trk.truth.p.plane.0.0.nhit,1,1,2
recTree/rec.reco.pfp.trk.truth.p.plane.0.0.visE,1,1,2
recTree/rec.reco.pfp.trk.truth.p.plane.0.1.nhit,1,1,2
recTree/rec.reco.pfp.trk.truth.p.plane.0.1.visE,1,1,2
recTree/rec.reco.pfp.trk.truth.p.plane.0.2.nhit,1,1,2
recTree/rec.reco.pfp.trk.truth.p.plane.0.2.visE,1,1,2
recTree/rec.reco.pfp.trk.truth.p.plane.1.0.nhit,1,1,2
recTree/rec.reco.pfp.trk.truth.p.plane.1.0.visE,1,1,2
recTree/rec.reco.pfp.trk.truth.p.plane.1.1.nhit,1,1,2
recTree/rec.reco.pfp.trk.truth.p.plane.1.1.visE,1,1,2
recTree/rec.reco.pfp.trk.truth.p.plane.1.2.nhit,1,1,2
recTree/rec.reco.pfp.trk.truth.p.plane.1.2.visE,1,1,2
recTree/rec.reco.pfp.trk.truth.p.start.x,1,1,2
recTree/rec.reco.pfp.trk.truth.p.start.y,1,1,2
recTree/rec.reco.pfp.trk.truth.p.start.z,1,1,2
recTree/rec.reco.pfp.trk.truth.p.startE,1,1,2
recTree/rec.reco.pfp.trk.truth.p.startT,1,1,2
recTree/rec.reco.pfp.trk.truth.p.start_process,1,1,2
recTree/rec.reco.pfp.trk.truth.p.startp.x,1,1,2
recTree/rec.reco.pfp.trk.truth.p.startp.y,1,1,2
recTree/rec.reco.pfp.trk.truth.p.startp.z,1,1,2
recTree/rec.reco.pfp.trk.truth.p.wallin,1,1,2
recTree/rec.reco.pfp.trk.truth.p.wallout,1,1,2
recTree/rec.reco.pfp.trk.truth.pur,1,1,2
recTree/rec.reco.pfp.trk.truth.visEintrk,1,1,2
recTree/rec.reco.stub..length,1,1,2
recTree/rec.reco.stub.efield_end,1,1,2
recTree/rec.reco.stub.efield_vtx,1,1,2
recTree/rec.reco.stub.end.x,1,1,2
recTree/rec.reco.stub.end.y,1,1,2
recTree/rec.reco.stub.end.z,1,1,2
recTree/rec.reco.stub.pfpid,1,1,2
recTree/rec.reco.stub.planes..idx,1,1,2
recTree/rec.reco.stub.planes..length,1,1,2
recTree/rec.reco.stub.planes..totarraysize,1,1,2
recTree/rec.reco.stub.planes.hit_w,1,1,2
recTree/rec.reco.stub.planes.hits..idx,1,1,2
recTree/rec.reco.stub.planes.hits..length,1,1,2
recTree/rec.reco.stub.planes.hits..totarraysize,1,1,2
recTree/rec.reco.stub.planes.hits.charge,1,1,2
recTree/rec.reco.stub.planes.hits.ontrack,1,1,2
recTree/rec.reco.stub.planes.hits.wire,1,1,2
recTree/rec.reco.stub.planes.p,1,1,2
recTree/rec.reco.stub.planes.pitch,1,1,2
recTree/rec.reco.stub.planes.trkpitch,1,1,2
recTree/rec.reco.stub.planes.vtx_w,1,1,2
recTree/rec.reco.stub.truth.bestmatch.G4ID,1,1,2
recTree/rec.reco.stub.truth.bestmatch.energy,1,1,2
recTree/rec.reco.stub.truth.bestmatch.energy_completeness,1,1,2
recTree/rec.reco.stub.truth.bestmatch.energy_purity,1,1,2
recTree/rec.reco.stub.truth.bestmatch.hit_completeness,1,1,2
recTree/rec.reco.stub.truth.bestmatch.hit_purity,1,1,2
recTree/rec.reco.stub.truth.eff,1,1,2
recTree/rec.reco.stub.truth.eff_cryo,1,1,2
recTree/rec.reco.stub.truth.matches..idx,1,1,2
recTree/rec.reco.stub.truth.matches..length,1,1,2
recTree/rec.reco.stub.truth.matches..totarraysize,1,1,2
recTree/rec.reco.stub.truth.matches.G4ID,1,1,2
recTree/rec.reco.stub.truth.matches.energy,1,1,2
recTree/rec.reco.stub.truth.matches.energy_completeness,1,1,2
recTree/rec.reco.stub.truth.matches.energy_purity,1,1,2
recTree/rec.reco.stub.truth.matches.hit_completeness,1,1,2
recTree/rec.reco.stub.truth.matches.hit_purity,1,1,2
recTree/rec.reco.stub.truth.nmatches,1,1,2
recTree/rec.reco.stub.truth.p.G4ID,1,1,2
recTree/rec.reco.stub.truth.p.cont_tpc,1,1,2
recTree/rec.reco.stub.truth.p.contained,1,1,2
recTree/rec.reco.stub.truth.p.crosses_tpc,1,1,2
recTree/rec.reco.stub.truth.p.cryostat,1,1,2
recTree/rec.reco.stub.truth.p.daughters,1,1,2
recTree/rec.reco.stub.truth.p.daughters..idx,1,1,2
recTree/rec.reco.stub.truth.p.daughters..length,1,1,2
recTree/rec.reco.stub.truth.p.daughters..totarraysize,1,1,2
recTree/rec.reco.stub.truth.p.end.x,1,1,2
recTree/rec.reco.stub.truth.p.end.y,1,1,2
recTree/rec.reco.stub.truth.p.end.z,1,1,2
recTree/rec.reco.stub.truth.p.endE,1,1,2
recTree/rec.reco.stub.truth.p.endT,1,1,2
recTree/rec.reco.stub.truth.p.end_process,1,1,2
recTree/rec.reco.stub.truth.p.endp.x,1,1,2
recTree/rec.reco.stub.truth.p.endp.y,1,1,2
recTree/rec.reco.stub.truth.p.endp.z,1,1,2
recTree/rec.reco.stub.truth.p.gen.x,1,1,2
recTree/rec.reco.stub.truth.p.gen.y,1,1,2
recTree/rec.reco.stub.truth.p.gen.z,1,1,2
recTree/rec.reco.stub.truth.p.genE,1,1,2
recTree/rec.reco.stub.truth.p.genT,1,1,2
recTree/rec.reco.stub.truth.p.generator,1,1,2
recTree/rec.reco.stub.truth.p.genp.x,1,1,2
recTree/rec.reco.stub.truth.p.genp.y,1,1,2
recTree/rec.reco.stub.truth.p.genp.z,1,1,2
recTree/rec.reco.stub.truth.p.gstatus,1,1,2
recTree/rec.reco.stub.truth.p.interaction_id,1,1,2
recTree/rec.reco.stub.truth.p.length,1,1,2
recTree/rec.reco.stub.truth.p.parent,1,1,2
recTree/rec.reco.stub.truth.p.pdg,1,1,2
recTree/rec.reco.stub.truth.p.plane.0.0.nhit,1,1,2
recTree/rec.reco.stub.truth.p.plane.0.0.visE,1,1,2
recTree/rec.reco.stub.truth.p.plane.0.1.nhit,1,1,2
recTree/rec.reco.stub.truth.p.plane.0.1.visE,1,1,2
recTree/rec.reco.stub.truth.p.plane.0.2.nhit,1,1,2
recTree/rec.reco.stub.truth.p.plane.0.2.visE,1,1,2
recTree/rec.reco.stub.truth.p.plane.1.0.nhit,1,1,2
recTree/rec.reco.stub.truth.p.plane.1.0.visE,1,1,2
recTree/rec.reco.stub.truth.p.plane.1.1.nhit,1,1,2
recTree/rec.reco.stub.truth.p.plane.1.1.visE,1,1,2
recTree/rec.reco.stub.truth.p.plane.1.2.nhit,1,1,2
recTree/rec.reco.stub.truth.p.plane.1.2.visE,1,1,2
recTree/rec.reco.stub.truth.p.start.x,1,1,2
recTree/rec.reco.stub.truth.p.start.y,1,1,2
recTree/rec.reco.stub.truth.p.start.z,1,1,2
recTree/rec.reco.stub.truth.p.startE,1,1,2
recTree/rec.reco.stub.truth.p.startT,1,1,2
recTree/rec.reco.stub.truth.p.start_process,1,1,2
recTree/rec.reco.stub.truth.p.startp.x,1,1,2
recTree/rec.reco.stub.truth.p.startp.y,1,1,2
recTree/rec.reco.stub.truth.p.startp.z,1,1,2
recTree/rec.reco.stub.truth.p.wallin,1,1,2
recTree/rec.reco.stub.truth.p.wallout,1,1,2
recTree/rec.reco.stub.truth.pur,1,1,2
recTree/rec.reco.stub.truth.visEintrk,1,1,2
recTree/rec.reco.stub.vtx.x,1,1,2
recTree/rec.reco.stub.vtx.y,1,1,2
recTree/rec.reco.stub.vtx.z,1,1,2
recTree/rec.sbnd_crt_tracks..length,1,1,2
recTree/rec.sbnd_crt_tracks.pe,1,1,2
recTree/rec.sbnd_crt_tracks.points..idx,1,1,2
recTree/rec.sbnd_crt_tracks.points..length,1,1,2
recTree/rec.sbnd_crt_tracks.points..totarraysize,1,1,2
recTree/rec.sbnd_crt_tracks.points.x,1,1,2
recTree/rec.sbnd_crt_tracks.points.y,1,1,2
recTree/rec.sbnd_crt_tracks.points.z,1,1,2
recTree/rec.sbnd_crt_tracks.time,1,1,2
recTree/rec.sbnd_crt_tracks.time_err,1,1,2
recTree/rec.sbnd_crt_tracks.tof,1,1,2
recTree/rec.slc..length,1,1,2
recTree/rec.slc.barycenterFM.chargeCenter.x,1,1,2
recTree/rec.slc.barycenterFM.chargeCenter.y,1,1,2
recTree/rec.slc.barycenterFM.chargeCenter.z,1,1,2
recTree/rec.slc.barycenterFM.chargeCenterXLocal,1,1,2
recTree/rec.slc.barycenterFM.chargeTotal,1,1,2
recTree/rec.slc.barycenterFM.chargeWidth.x,1,1,2
recTree/rec.slc.barycenterFM.chargeWidth.y,1,1,2
recTree/rec.slc.barycenterFM.chargeWidth.z,1,1,2
recTree/rec.slc.barycenterFM.deltaT,1,1,2
recTree/rec.slc.barycenterFM.deltaY,1,1,2
recTree/rec.slc.barycenterFM.deltaY_Trigger,1,1,2
recTree/rec.slc.barycenterFM.deltaZ,1,1,2
recTree/rec.slc.barycenterFM.deltaZ_Trigger,1,1,2
recTree/rec.slc.barycenterFM.flashAsymmetry,1,1,2
recTree/rec.slc.barycenterFM.flashCenter.x,1,1,2
recTree/rec.slc.barycenterFM.flashCenter.y,1,1,2
recTree/rec.slc.barycenterFM.flashCenter.z,1,1,2
recTree/rec.slc.barycenterFM.flashFirstHit,1,1,2
recTree/rec.slc.barycenterFM.flashPEs,1,1,2
recTree/rec.slc.barycenterFM.flashTime,1,1,2
recTree/rec.slc.barycenterFM.flashWidth.x,1,1,2
recTree/rec.slc.barycenterFM.flashWidth.y,1,1,2
recTree/rec.slc.barycenterFM.flashWidth.z,1,1,2
recTree/rec.slc.barycenterFM.overlapY,1,1,2
recTree/rec.slc.barycenterFM.overlapZ,1,1,2
recTree/rec.slc.barycenterFM.radius,1,1,2
recTree/rec.slc.barycenterFM.radius_Trigger,1,1,2
recTree/rec.slc.charge,1,1,2
recTree/rec.slc.charge_center.x,1,1,2
recTree/rec.slc.charge_center.y,1,1,2
recTree/rec.slc.charge_center.z,1,1,2
recTree/rec.slc.charge_width.x,1,1,2
recTree/rec.slc.charge_width.y,1,1,2
recTree/rec.slc.charge_width.z,1,1,2
recTree/rec.slc.crumbs_result.bestid,1,1,2
recTree/rec.slc.crumbs_result.bestscore,1,1,2
recTree/rec.slc.crumbs_result.ccnuescore,1,1,2
recTree/rec.slc.crumbs_result.ccnumuscore,1,1,2
recTree/rec.slc.crumbs_result.crt.spscore,1,1,2
recTree/rec.slc.crumbs_result.crt.sptime,1,1,2
recTree/rec.slc.crumbs_result.crt.trackscore,1,1,2
recTree/rec.slc.crumbs_result.crt.tracktime,1,1,2
recTree/rec.slc.crumbs_result.ncscore,1,1,2
recTree/rec.slc.crumbs_result.pds.fmpe,1,1,2
recTree/rec.slc.crumbs_result.pds.fmtime,1,1,2
recTree/rec.slc.crumbs_result.pds.fmtotalscore,1,1,2
recTree/rec.slc.crumbs_result.pds.opt0measuredpe,1,1,2
recTree/rec.slc.crumbs_result.pds.opt0score,1,1,2
recTree/rec.slc.crumbs_result.score,1,1,2
recTree/rec.slc.crumbs_result.tpc.crlongtrackdefl,1,1,2
recTree/rec.slc.crumbs_result.tpc.crlongtrackdiry,1,1,2
recTree/rec.slc.crumbs_result.tpc.crlongtrackhitfrac,1,1,2
recTree/rec.slc.crumbs_result.tpc.crnhitsmax,1,1,2
recTree/rec.slc.crumbs_result.tpc.nufinalstatepfos,1,1,2
recTree/rec.slc.crumbs_result.tpc.nusphereeigenratio,1,1,2
recTree/rec.slc.crumbs_result.tpc.nuspherespacepoints,1,1,2
recTree/rec.slc.crumbs_result.tpc.nutotalhits,1,1,2
recTree/rec.slc.crumbs_result.tpc.nuvertexy,1,1,2
recTree/rec.slc.crumbs_result.tpc.nuwgtdirz,1,1,2
recTree/rec.slc.crumbs_result.tpc.stoppingchi2ratio,1,1,2
recTree/rec.slc.cvn.cosmicscore,1,1,2
recTree/rec.slc.cvn.ncscore,1,1,2
recTree/rec.slc.cvn.nuescore,1,1,2
recTree/rec.slc.cvn.numuscore,1,1,2
recTree/rec.slc.fake_reco.filled,1,1,2
recTree/rec.slc.fake_reco.hadrons..idx,1,1,2
recTree/rec.slc.fake_reco.hadrons..length,1,1,2
recTree/rec.slc.fake_reco.hadrons..totarraysize,1,1,2
recTree/rec.slc.fake_reco.hadrons.contained,1,1,2
recTree/rec.slc.fake_reco.hadrons.costh,1,1,2
recTree/rec.slc.fake_reco.hadrons.ke,1,1,2
recTree/rec.slc.fake_reco.hadrons.len,1,1,2
recTree/rec.slc.fake_reco.hadrons.pid,1,1,2
recTree/rec.slc.fake_reco.lepton.contained,1,1,2
recTree/rec.slc.fake_reco.lepton.costh,1,1,2
recTree/rec.slc.fake_reco.lepton.ke,1,1,2
recTree/rec.slc.fake_reco.lepton.len,1,1,2
recTree/rec.slc.fake_reco.lepton.pid,1,1,2
recTree/rec.slc.fake_reco.nhad,1,1,2
recTree/rec.slc.fake_reco.nuE,1,1,2
recTree/rec.slc.fake_reco.vtx.x,1,1,2
recTree/rec.slc.fake_reco.vtx.y,1,1,2
recTree/rec.slc.fake_reco.vtx.z,1,1,2
recTree/rec.slc.fake_reco.wgt,1,1,2
recTree/rec.slc.fmatch.chargeCenter.x,1,1,2
recTree/rec.slc.fmatch.chargeCenter.y,1,1,2
recTree/rec.slc.fmatch.chargeCenter.z,1,1,2
recTree/rec.slc.fmatch.chargeQ,1,1,2
recTree/rec.slc.fmatch.chargeWidth.x,1,1,2
recTree/rec.slc.fmatch.chargeWidth.y,1,1,2
recTree/rec.slc.fmatch.chargeWidth.z,1,1,2
recTree/rec.slc.fmatch.lightCenter.x,1,1,2
recTree/rec.slc.fmatch.lightCenter.y,1,1,2
recTree/rec.slc.fmatch.lightCenter.z,1,1,2
recTree/rec.slc.fmatch.lightPE,1,1,2
recTree/rec.slc.fmatch.lightWidth.x,1,1,2
recTree/rec.slc.fmatch.lightWidth.y,1,1,2
recTree/rec.slc.fmatch.lightWidth.z,1,1,2
recTree/rec.slc.fmatch.present,1,1,2
recTree/rec.slc.fmatch.score,1,1,2
recTree/rec.slc.fmatch.scorePEToQ,1,1,2
recTree/rec.slc.fmatch.scoreRR,1,1,2
recTree/rec.slc.fmatch.scoreRatio,1,1,2
recTree/rec.slc.fmatch.scoreSlope,1,1,2
recTree/rec.slc.fmatch.scoreY,1,1,2
recTree/rec.slc.fmatch.scoreZ,1,1,2
recTree/rec.slc.fmatch.time,1,1,2
recTree/rec.slc.fmatchara.chargeCenter.x,1,1,2
recTree/rec.slc.fmatchara.chargeCenter.y,1,1,2
recTree/rec.slc.fmatchara.chargeCenter.z,1,1,2
recTree/rec.slc.fmatchara.chargeQ,1,1,2
recTree/rec.slc.fmatchara.chargeWidth.x,1,1,2
recTree/rec.slc.fmatchara.chargeWidth.y,1,1,2
recTree/rec.slc.fmatchara.chargeWidth.z,1,1,2
recTree/rec.slc.fmatchara.lightCenter.x,1,1,2
recTree/rec.slc.fmatchara.lightCenter.y,1,1,2
recTree/rec.slc.fmatchara.lightCenter.z,1,1,2
recTree/rec.slc.fmatchara.lightPE,1,1,2
recTree/rec.slc.fmatchara.lightWidth.x,1,1,2
recTree/rec.slc.fmatchara.lightWidth.y,1,1,2
recTree/rec.slc.fmatchara.lightWidth.z,1,1,2
recTree/rec.slc.fmatchara.present,1,1,2
recTree/rec.slc.fmatchara.score,1,1,2
recTree/rec.slc.fmatchara.scorePEToQ,1,1,2
recTree/rec.slc.fmatchara.scoreRR,1,1,2
recTree/rec.slc.fmatchara.scoreRatio,1,1,2
recTree/rec.slc.fmatchara.scoreSlope,1,1,2
recTree/rec.slc.fmatchara.scoreY,1,1,2
recTree/rec.slc.fmatchara.scoreZ,1,1,2
recTree/rec.slc.fmatchara.time,1,1,2
recTree/rec.slc.fmatchop.chargeCenter.x,1,1,2
recTree/rec.slc.fmatchop.chargeCenter.y,1,1,2
recTree/rec.slc.fmatchop.chargeCenter.z,1,1,2
recTree/rec.slc.fmatchop.chargeQ,1,1,2
recTree/rec.slc.fmatchop.chargeWidth.x,1,1,2
recTree/rec.slc.fmatchop.chargeWidth.y,1,1,2
recTree/rec.slc.fmatchop.chargeWidth.z,1,1,2
recTree/rec.slc.fmatchop.lightCenter.x,1,1,2
recTree/rec.slc.fmatchop.lightCenter.y,1,1,2
recTree/rec.slc.fmatchop.lightCenter.z,1,1,2
recTree/rec.slc.fmatchop.lightPE,1,1,2
recTree/rec.slc.fmatchop.lightWidth.x,1,1,2
recTree/rec.slc.fmatchop.lightWidth.y,1,1,2
recTree/rec.slc.fmatchop.lightWidth.z,1,1,2
recTree/rec.slc.fmatchop.present,1,1,2
recTree/rec.slc.fmatchop.score,1,1,2
recTree/rec.slc.fmatchop.scorePEToQ,1,1,2
recTree/rec.slc.fmatchop.scoreRR,1,1,2
recTree/rec.slc.fmatchop.scoreRatio,1,1,2
recTree/rec.slc.fmatchop.scoreSlope,1,1,2
recTree/rec.slc.fmatchop.scoreY,1,1,2
recTree/rec.slc.fmatchop.scoreZ,1,1,2
recTree/rec.slc.fmatchop.time,1,1,2
recTree/rec.slc.fmatchopara.chargeCenter.x,1,1,2
recTree/rec.slc.fmatchopara.chargeCenter.y,1,1,2
recTree/rec.slc.fmatchopara.chargeCenter.z,1,1,2
recTree/rec.slc.fmatchopara.chargeQ,1,1,2
recTree/rec.slc.fmatchopara.chargeWidth.x,1,1,2
recTree/rec.slc.fmatchopara.chargeWidth.y,1,1,2
recTree/rec.slc.fmatchopara.chargeWidth.z,1,1,2
recTree/rec.slc.fmatchopara.lightCenter.x,1,1,2
recTree/rec.slc.fmatchopara.lightCenter.y,1,1,2
recTree/rec.slc.fmatchopara.lightCenter.z,1,1,2
recTree/rec.slc.fmatchopara.lightPE,1,1,2
recTree/rec.slc.fmatchopara.lightWidth.x,1,1,2
recTree/rec.slc.fmatchopara.lightWidth.y,1,1,2
recTree/rec.slc.fmatchopara.lightWidth.z,1,1,2
recTree/rec.slc.fmatchopara.present,1,1,2
recTree/rec.slc.fmatchopara.score,1,1,2
recTree/rec.slc.fmatchopara.scorePEToQ,1,1,2
recTree/rec.slc.fmatchopara.scoreRR,1,1,2
recTree/rec.slc.fmatchopara.scoreRatio,1,1,2
recTree/rec.slc.fmatchopara.scoreSlope,1,1,2
recTree/rec.slc.fmatchopara.scoreY,1,1,2
recTree/rec.slc.fmatchopara.scoreZ,1,1,2
recTree/rec.slc.fmatchopara.time,1,1,2
recTree/rec.slc.is_clear_cosmic,1,1,2
recTree/rec.slc.ng_filt_pass_frac,1,1,2
recTree/rec.slc.nu_pdg,1,1,2
recTree/rec.slc.nu_score,1,1,2
recTree/rec.slc.nuid.crlongtrkdef,1,1,2
recTree/rec.slc.nuid.crlongtrkdiry,1,1,2
recTree/rec.slc.nuid.crlongtrkhitfrac,1,1,2
recTree/rec.slc.nuid.crmaxhits,1,1,2
recTree/rec.slc.nuid.nueigen,1,1,2
recTree/rec.slc.nuid.nufspfos,1,1,2
recTree/rec.slc.nuid.nusps,1,1,2
recTree/rec.slc.nuid.nutothits,1,1,2
recTree/rec.slc.nuid.nuvtxy,1,1,2
recTree/rec.slc.nuid.nuwgtdirz,1,1,2
recTree/rec.slc.opt0.hypoPE,1,1,2
recTree/rec.slc.opt0.measPE,1,1,2
recTree/rec.slc.opt0.score,1,1,2
recTree/rec.slc.opt0.time,1,1,2
recTree/rec.slc.opt0.tpc,1,1,2
recTree/rec.slc.opt0_sec.hypoPE,1,1,2
recTree/rec.slc.opt0_sec.measPE,1,1,2
recTree/rec.slc.opt0_sec.score,1,1,2
recTree/rec.slc.opt0_sec.time,1,1,2
recTree/rec.slc.opt0_sec.tpc,1,1,2
recTree/rec.slc.primary,1,1,2
recTree/rec.slc.primary..idx,1,1,2
recTree/rec.slc.primary..length,1,1,2
recTree/rec.slc.primary..totarraysize,1,1,2
recTree/rec.slc.producer,1,1,2
recTree/rec.slc.reco.hit..idx,1,1,2
recTree/rec.slc.reco.hit..length,1,1,2
recTree/rec.slc.reco.hit..totarraysize,1,1,2
recTree/rec.slc.reco.hit.RMS,1,1,2
recTree/rec.slc.reco.hit.cryoID,1,1,2
recTree/rec.slc.reco.hit.integral,1,1,2
recTree/rec.slc.reco.hit.peakAmplitude,1,1,2
recTree/rec.slc.reco.hit.peakTime,1,1,2
recTree/rec.slc.reco.hit.planeID,1,1,2
recTree/rec.slc.reco.hit.spacepoint.ID,1,1,2
recTree/rec.slc.reco.hit.spacepoint.XYZ.x,1,1,2
recTree/rec.slc.reco.hit.spacepoint.XYZ.y,1,1,2
recTree/rec.slc.reco.hit.spacepoint.XYZ.z,1,1,2
recTree/rec.slc.reco.hit.spacepoint.chisq,1,1,2
recTree/rec.slc.reco.hit.spacepoint.pfpID,1,1,2
recTree/rec.slc.reco.hit.tpcID,1,1,2
recTree/rec.slc.reco.hit.wireID,1,1,2
recTree/rec.slc.reco.nhit,1,1,2
recTree/rec.slc.reco.npfp,1,1,2
recTree/rec.slc.reco.nstub,1,1,2
recTree/rec.slc.reco.pfp..idx,1,1,2
recTree/rec.slc.reco.pfp..length,1,1,2
recTree/rec.slc.reco.pfp..totarraysize,1,1,2
recTree/rec.slc.reco.pfp.cnnscore.endmichel,1,1,2
recTree/rec.slc.reco.pfp.cnnscore.michel,1,1,2
recTree/rec.slc.reco.pfp.cnnscore.nclusters,1,1,2
recTree/rec.slc.reco.pfp.cnnscore.noise,1,1,2
recTree/rec.slc.reco.pfp.cnnscore.shower,1,1,2
recTree/rec.slc.reco.pfp.cnnscore.track,1,1,2
recTree/rec.slc.reco.pfp.daughters,1,1,2
recTree/rec.slc.reco.pfp.daughters..idx,1,1,2
recTree/rec.slc.reco.pfp.daughters..length,1,1,2
recTree/rec.slc.reco.pfp.daughters..totarraysize,1,1,2
recTree/rec.slc.reco.pfp.id,1,1,2
recTree/rec.slc.reco.pfp.ndaughters,1,1,2
recTree/rec.slc.reco.pfp.ngscore.bkg_frac,1,1,2
recTree/rec.slc.reco.pfp.ngscore.dif_frac,1,1,2
recTree/rec.slc.reco.pfp.ngscore.hip_frac,1,1,2
recTree/rec.slc.reco.pfp.ngscore.mhl_frac,1,1,2
recTree/rec.slc.reco.pfp.ngscore.mip_frac,1,1,2
recTree/rec.slc.reco.pfp.ngscore.sem_cat,1,1,2
recTree/rec.slc.reco.pfp.ngscore.shr_frac,1,1,2
recTree/rec.slc.reco.pfp.parent,1,1,2
recTree/rec.slc.reco.pfp.parent_is_primary,1,1,2
recTree/rec.slc.reco.pfp.pfochar.chgendfrac,1,1,2
recTree/rec.slc.reco.pfp.pfochar.chgfracspread,1,1,2
recTree/rec.slc.reco.pfp.pfochar.concentration,1,1,2
recTree/rec.slc.reco.pfp.pfochar.conicalness,1,1,2
recTree/rec.slc.reco.pfp.pfochar.halototratio,1,1,2
recTree/rec.slc.reco.pfp.pfochar.linfitdiff,1,1,2
recTree/rec.slc.reco.pfp.pfochar.linfitgaplen,1,1,2
recTree/rec.slc.reco.pfp.pfochar.linfitlen,1,1,2
recTree/rec.slc.reco.pfp.pfochar.linfitrms,1,1,2
recTree/rec.slc.reco.pfp.pfochar.openanglediff,1,1,2
recTree/rec.slc.reco.pfp.pfochar.pca2ratio,1,1,2
recTree/rec.slc.reco.pfp.pfochar.pca3ratio,1,1,2
recTree/rec.slc.reco.pfp.pfochar.vtxdist,1,1,2
recTree/rec.slc.reco.pfp.razzled.bestScore,1,1,2
recTree/rec.slc.reco.pfp.razzled.electronScore,1,1,2
recTree/rec.slc.reco.pfp.razzled.muonScore,1,1,2
recTree/rec.slc.reco.pfp.razzled.pdg,1,1,2
recTree/rec.slc.reco.pfp.razzled.photonScore,1,1,2
recTree/rec.slc.reco.pfp.razzled.pionScore,1,1,2
recTree/rec.slc.reco.pfp.razzled.protonScore,1,1,2
recTree/rec.slc.reco.pfp.shw.bestplane,1,1,2
recTree/rec.slc.reco.pfp.shw.bestplane_dEdx,1,1,2
recTree/rec.slc.reco.pfp.shw.bestplane_energy,1,1,2
recTree/rec.slc.reco.pfp.shw.conversion_gap,1,1,2
recTree/rec.slc.reco.pfp.shw.cosmicDist,1,1,2
recTree/rec.slc.reco.pfp.shw.density,1,1,2
recTree/rec.slc.reco.pfp.shw.dir.x,1,1,2
recTree/rec.slc.reco.pfp.shw.dir.y,1,1,2
recTree/rec.slc.reco.pfp.shw.dir.z,1,1,2
recTree/rec.slc.reco.pfp.shw.end.x,1,1,2
recTree/rec.slc.reco.pfp.shw.end.y,1,1,2
recTree/rec.slc.reco.pfp.shw.end.z,1,1,2
recTree/rec.slc.reco.pfp.shw.len,1,1,2
recTree/rec.slc.reco.pfp.shw.open_angle,1,1,2
recTree/rec.slc.reco.pfp.shw.plane.0.dEdx,1,1,2
recTree/rec.slc.reco.pfp.shw.plane.0.energy,1,1,2
recTree/rec.slc.reco.pfp.shw.plane.0.nHits,1,1,2
recTree/rec.slc.reco.pfp.shw.plane.0.wirePitch,1,1,2
recTree/rec.slc.reco.pfp.shw.plane.1.dEdx,1,1,2
recTree/rec.slc.reco.pfp.shw.plane.1.energy,1,1,2
recTree/rec.slc.reco.pfp.shw.plane.1.nHits,1,1,2
recTree/rec.slc.reco.pfp.shw.plane.1.wirePitch,1,1,2
recTree/rec.slc.reco.pfp.shw.plane.2.dEdx,1,1,2
recTree/rec.slc.reco.pfp.shw.plane.2.energy,1,1,2
recTree/rec.slc.reco.pfp.shw.plane.2.nHits,1,1,2
recTree/rec.slc.reco.pfp.shw.plane.2.wirePitch,1,1,2
recTree/rec.slc.reco.pfp.shw.producer,1,1,2
recTree/rec.slc.reco.pfp.shw.razzle.bestScore,1,1,2
recTree/rec.slc.reco.pfp.shw.razzle.electronScore,1,1,2
recTree/rec.slc.reco.pfp.shw.razzle.otherScore,1,1,2
recTree/rec.slc.reco.pfp.shw.razzle.pdg,1,1,2
recTree/rec.slc.reco.pfp.shw.razzle.photonScore,1,1,2
recTree/rec.slc.reco.pfp.shw.selVars.densityGradient,1,1,2
recTree/rec.slc.reco.pfp.shw.selVars.densityGradientPower,1,1,2
recTree/rec.slc.reco.pfp.shw.selVars.showerResiduals,1,1,2
recTree/rec.slc.reco.pfp.shw.selVars.showerResiduals..idx,1,1,2
recTree/rec.slc.reco.pfp.shw.selVars.showerResiduals..length,1,1,2
recTree/rec.slc.reco.pfp.shw.selVars.showerResiduals..totarraysize,1,1,2
recTree/rec.slc.reco.pfp.shw.selVars.trackLength,1,1,2
recTree/rec.slc.reco.pfp.shw.selVars.trackWidth,1,1,2
recTree/rec.slc.reco.pfp.shw.start.x,1,1,2
recTree/rec.slc.reco.pfp.shw.start.y,1,1,2
recTree/rec.slc.reco.pfp.shw.start.z,1,1,2
recTree/rec.slc.reco.pfp.shw.truth.bestmatch.G4ID,1,1,2
recTree/rec.slc.reco.pfp.shw.truth.bestmatch.energy,1,1,2
recTree/rec.slc.reco.pfp.shw.truth.bestmatch.energy_completeness,1,1,2
recTree/rec.slc.reco.pfp.shw.truth.bestmatch.energy_purity,1,1,2
recTree/rec.slc.reco.pfp.shw.truth.bestmatch.hit_completeness,1,1,2
recTree/rec.slc.reco.pfp.shw.truth.bestmatch.hit_purity,1,1,2
recTree/rec.slc.reco.pfp.shw.truth.eff,1,1,2
recTree/rec.slc.reco.pfp.shw.truth.eff_cryo,1,1,2
recTree/rec.slc.reco.pfp.shw.truth.matches..idx,1,1,2
recTree/rec.slc.reco.pfp.shw.truth.matches..length,1,1,2
recTree/rec.slc.reco.pfp.shw.truth.matches..totarraysize,1,1,2
recTree/rec.slc.reco.pfp.shw.truth.matches.G4ID,1,1,2
recTree/rec.slc.reco.pfp.shw.truth.matches.energy,1,1,2
recTree/rec.slc.reco.pfp.shw.truth.matches.energy_completeness,1,1,2
recTree/rec.slc.reco.pfp.shw.truth.matches.energy_purity,1,1,2
recTree/rec.slc.reco.pfp.shw.truth.matches.hit_completeness,1,1,2
recTree/rec.slc.reco.pfp.shw.truth.matches.hit_purity,1,1,2
recTree/rec.slc.reco.pfp.shw.truth.nmatches,1,1,2
recTree/rec.slc.reco.pfp.shw.truth.p.G4ID,1,1,2
recTree/rec.slc.reco.pfp.shw.truth.p.cont_tpc,1,1,2
recTree/rec.slc.reco.pfp.shw.truth.p.contained,1,1,2
recTree/rec.slc.reco.pfp.shw.truth.p.crosses_tpc,1,1,2
recTree/rec.slc.reco.pfp.shw.truth.p.cryostat,1,1,2
recTree/rec.slc.reco.pfp.shw.truth.p.daughters,1,1,2
recTree/rec.slc.reco.pfp.shw.truth.p.daughters..idx,1,1,2
recTree/rec.slc.reco.pfp.shw.truth.p.daughters..length,1,1,2
recTree/rec.slc.reco.pfp.shw.truth.p.daughters..totarraysize,1,1,2
recTree/rec.slc.reco.pfp.shw.truth.p.end.x,1,1,2
recTree/rec.slc.reco.pfp.shw.truth.p.end.y,1,1,2
recTree/rec.slc.reco.pfp.shw.truth.p.end.z,1,1,2
recTree/rec.slc.reco.pfp.shw.truth.p.endE,1,1,2
recTree/rec.slc.reco.pfp.shw.truth.p.endT,1,1,2
recTree/rec.slc.reco.pfp.shw.truth.p.end_process,1,1,2
recTree/rec.slc.reco.pfp.shw.truth.p.endp.x,1,1,2
recTree/rec.slc.reco.pfp.shw.truth.p.endp.y,1,1,2
recTree/rec.slc.reco.pfp.shw.truth.p.endp.z,1,1,2
recTree/rec.slc.reco.pfp.shw.truth.p.gen.x,1,1,2
recTree/rec.slc.reco.pfp.shw.truth.p.gen.y,1,1,2
recTree/rec.slc.reco.pfp.shw.truth.p.gen.z,1,1,2
recTree/rec.slc.reco.pfp.shw.truth.p.genE,1,1,2
recTree/rec.slc.reco.pfp.shw.truth.p.genT,1,1,2
recTree/rec.slc.reco.pfp.shw.truth.p.generator,1,1,2
recTree/rec.slc.reco.pfp.shw.truth.p.genp.x,1,1,2
recTree/rec.slc.reco.pfp.shw.truth.p.genp.y,1,1,2
recTree/rec.slc.reco.pfp.shw.truth.p.genp.z,1,1,2
recTree/rec.slc.reco.pfp.shw.truth.p.gstatus,1,1,2
recTree/rec.slc.reco.pfp.shw.truth.p.interaction_id,1,1,2
recTree/rec.slc.reco.pfp.shw.truth.p.length,1,1,2
recTree/rec.slc.reco.pfp.shw.truth.p.parent,1,1,2
recTree/rec.slc.reco.pfp.shw.truth.p.pdg,1,1,2
recTree/rec.slc.reco.pfp.shw.truth.p.plane.0.0.nhit,1,1,2
recTree/rec.slc.reco.pfp.shw.truth.p.plane.0.0.visE,1,1,2
recTree/rec.slc.reco.pfp.shw.truth.p.plane.0.1.nhit,1,1,2
recTree/rec.slc.reco.pfp.shw.truth.p.plane.0.1.visE,1,1,2
recTree/rec.slc.reco.pfp.shw.truth.p.plane.0.2.nhit,1,1,2
recTree/rec.slc.reco.pfp.shw.truth.p.plane.0.2.visE,1,1,2
recTree/rec.slc.reco.pfp.shw.truth.p.plane.1.0.nhit,1,1,2
recTree/rec.slc.reco.pfp.shw.truth.p.plane.1.0.visE,1,1,2
recTree/rec.slc.reco.pfp.shw.truth.p.plane.1.1.nhit,1,1,2
recTree/rec.slc.reco.pfp.shw.truth.p.plane.1.1.visE,1,1,2
recTree/rec.slc.reco.pfp.shw.truth.p.plane.1.2.nhit,1,1,2
recTree/rec.slc.reco.pfp.shw.truth.p.plane.1.2.visE,1,1,2
recTree/rec.slc.reco.pfp.shw.truth.p.start.x,1,1,2
recTree/rec.slc.reco.pfp.shw.truth.p.start.y,1,1,2
recTree/rec.slc.reco.pfp.shw.truth.p.start.z,1,1,2
recTree/rec.slc.reco.pfp.shw.truth.p.startE,1,1,2
recTree/rec.slc.reco.pfp.shw.truth.p.startT,1,1,2
recTree/rec.slc.reco.pfp.shw.truth.p.start_process,1,1,2
recTree/rec.slc.reco.pfp.shw.truth.p.startp.x,1,1,2
recTree/rec.slc.reco.pfp.shw.truth.p.startp.y,1,1,2
recTree/rec.slc.reco.pfp.shw.truth.p.startp.z,1,1,2
recTree/rec.slc.reco.pfp.shw.truth.p.wallin,1,1,2
recTree/rec.slc.reco.pfp.shw.truth.p.wallout,1,1,2
recTree/rec.slc.reco.pfp.shw.truth.pur,1,1,2
recTree/rec.slc.reco.pfp.shw.truth.visEintrk,1,1,2
recTree/rec.slc.reco.pfp.slcID,1,1,2
recTree/rec.slc.reco.pfp.t0,1,1,2
recTree/rec.slc.reco.pfp.trackScore,1,1,2
recTree/rec.slc.reco.pfp.trk.bestplane,1,1,2
recTree/rec.slc.reco.pfp.trk.calo.0.charge,1,1,2
recTree/rec.slc.reco.pfp.trk.calo.0.ke,1,1,2
recTree/rec.slc.reco.pfp.trk.calo.0.nhit,1,1,2
recTree/rec.slc.reco.pfp.trk.calo.0.points..idx,1,1,2
recTree/rec.slc.reco.pfp.trk.calo.0.points..length,1,1,2
recTree/rec.slc.reco.pfp.trk.calo.0.points..totarraysize,1,1,2
recTree/rec.slc.reco.pfp.trk.calo.0.points.channel,1,1,2
recTree/rec.slc.reco.pfp.trk.calo.0.points.dedx,1,1,2
recTree/rec.slc.reco.pfp.trk.calo.0.points.dqdx,1,1,2
recTree/rec.slc.reco.pfp.trk.calo.0.points.end,1,1,2
recTree/rec.slc.reco.pfp.trk.calo.0.points.integral,1,1,2
recTree/rec.slc.reco.pfp.trk.calo.0.points.mult,1,1,2
recTree/rec.slc.reco.pfp.trk.calo.0.points.pitch,1,1,2
recTree/rec.slc.reco.pfp.trk.calo.0.points.rr,1,1,2
recTree/rec.slc.reco.pfp.trk.calo.0.points.start,1,1,2
recTree/rec.slc.reco.pfp.trk.calo.0.points.sumadc,1,1,2
recTree/rec.slc.reco.pfp.trk.calo.0.points.t,1,1,2
recTree/rec.slc.reco.pfp.trk.calo.0.points.tpc,1,1,2
recTree/rec.slc.reco.pfp.trk.calo.0.points.truth.h_e,1,1,2
recTree/rec.slc.reco.pfp.trk.calo.0.points.truth.h_nelec,1,1,2
recTree/rec.slc.reco.pfp.trk.calo.0.points.truth.p_e,1,1,2
recTree/rec.slc.reco.pfp.trk.calo.0.points.truth.p_nelec,1,1,2
recTree/rec.slc.reco.pfp.trk.calo.0.points.truth.pitch,1,1,2
recTree/rec.slc.reco.pfp.trk.calo.0.points.truth.rr,1,1,2
recTree/rec.slc.reco.pfp.trk.calo.0.points.truth.x,1,1,2
recTree/rec.slc.reco.pfp.trk.calo.0.points.truth.y,1,1,2
recTree/rec.slc.reco.pfp.trk.calo.0.points.truth.z,1,1,2
recTree/rec.slc.reco.pfp.trk.calo.0.points.width,1,1,2
recTree/rec.slc.reco.pfp.trk.calo.0.points.wire,1,1,2
recTree/rec.slc.reco.pfp.trk.calo.0.points.x,1,1,2
recTree/rec.slc.reco.pfp.trk.calo.0.points.y,1,1,2
recTree/rec.slc.reco.pfp.trk.calo.0.points.z,1,1,2
recTree/rec.slc.reco.pfp.trk.calo.1.charge,1,1,2
recTree/rec.slc.reco.pfp.trk.calo.1.ke,1,1,2
recTree/rec.slc.reco.pfp.trk.calo.1.nhit,1,1,2
recTree/rec.slc.reco.pfp.trk.calo.1.points..idx,1,1,2
recTree/rec.slc.reco.pfp.trk.calo.1.points..length,1,1,2
recTree/rec.slc.reco.pfp.trk.calo.1.points..totarraysize,1,1,2
recTree/rec.slc.reco.pfp.trk.calo.1.points.channel,1,1,2
recTree/rec.slc.reco.pfp.trk.calo.1.points.dedx,1,1,2
recTree/rec.slc.reco.pfp.trk.calo.1.points.dqdx,1,1,2
recTree/rec.slc.reco.pfp.trk.calo.1.points.end,1,1,2
recTree/rec.slc.reco.pfp.trk.calo.1.points.integral,1,1,2
recTree/rec.slc.reco.pfp.trk.calo.1.points.mult,1,1,2
recTree/rec.slc.reco.pfp.trk.calo.1.points.pitch,1,1,2
recTree/rec.slc.reco.pfp.trk.calo.1.points.rr,1,1,2
recTree/rec.slc.reco.pfp.trk.calo.1.points.start,1,1,2
recTree/rec.slc.reco.pfp.trk.calo.1.points.sumadc,1,1,2
recTree/rec.slc.reco.pfp.trk.calo.1.points.t,1,1,2
recTree/rec.slc.reco.pfp.trk.calo.1.points.tpc,1,1,2
recTree/rec.slc.reco.pfp.trk.calo.1.points.truth.h_e,1,1,2
recTree/rec.slc.reco.pfp.trk.calo.1.points.truth.h_nelec,1,1,2
recTree/rec.slc.reco.pfp.trk.calo.1.points.truth.p_e,1,1,2
recTree/rec.slc.reco.pfp.trk.calo.1.points.truth.p_nelec,1,1,2
recTree/rec.slc.reco.pfp.trk.calo.1.points.truth.pitch,1,1,2
recTree/rec.slc.reco.pfp.trk.calo.1.points.truth.rr,1,1,2
recTree/rec.slc.reco.pfp.trk.calo.1.points.truth.x,1,1,2
recTree/rec.slc.reco.pfp.trk.calo.1.points.truth.y,1,1,2
recTree/rec.slc.reco.pfp.trk.calo.1.points.truth.z,1,1,2
recTree/rec.slc.reco.pfp.trk.calo.1.points.width,1,1,2
recTree/rec.slc.reco.pfp.trk.calo.1.points.wire,1,1,2
recTree/rec.slc.reco.pfp.trk.calo.1.points.x,1,1,2
recTree/rec.slc.reco.pfp.trk.calo.1.points.y,1,1,2
recTree/rec.slc.reco.pfp.trk.calo.1.points.z,1,1,2
recTree/rec.slc.reco.pfp.trk.calo.2.charge,1,1,2
recTree/rec.slc.reco.pfp.trk.calo.2.ke,1,1,2
recTree/rec.slc.reco.pfp.trk.calo.2.nhit,1,1,2
recTree/rec.slc.reco.pfp.trk.calo.2.points..idx,1,1,2
recTree/rec.slc.reco.pfp.trk.calo.2.points..length,1,1,2
recTree/rec.slc.reco.pfp.trk.calo.2.points..totarraysize,1,1,2
recTree/rec.slc.reco.pfp.trk.calo.2.points.channel,1,1,2
recTree/rec.slc.reco.pfp.trk.calo.2.points.dedx,1,1,2
recTree/rec.slc.reco.pfp.trk.calo.2.points.dqdx,1,1,2
recTree/rec.slc.reco.pfp.trk.calo.2.points.end,1,1,2
recTree/rec.slc.reco.pfp.trk.calo.2.points.integral,1,1,2
recTree/rec.slc.reco.pfp.trk.calo.2.points.mult,1,1,2
recTree/rec.slc.reco.pfp.trk.calo.2.points.pitch,1,1,2
recTree/rec.slc.reco.pfp.trk.calo.2.points.rr,1,1,2
recTree/rec.slc.reco.pfp.trk.calo.2.points.start,1,1,2
recTree/rec.slc.reco.pfp.trk.calo.2.points.sumadc,1,1,2
recTree/rec.slc.reco.pfp.trk.calo.2.points.t,1,1,2
recTree/rec.slc.reco.pfp.trk.calo.2.points.tpc,1,1,2
recTree/rec.slc.reco.pfp.trk.calo.2.points.truth.h_e,1,1,2
recTree/rec.slc.reco.pfp.trk.calo.2.points.truth.h_nelec,1,1,2
recTree/rec.slc.reco.pfp.trk.calo.2.points.truth.p_e,1,1,2
recTree/rec.slc.reco.pfp.trk.calo.2.points.truth.p_nelec,1,1,2
recTree/rec.slc.reco.pfp.trk.calo.2.points.truth.pitch,1,1,2
recTree/rec.slc.reco.pfp.trk.calo.2.points.truth.rr,1,1,2
recTree/rec.slc.reco.pfp.trk.calo.2.points.truth.x,1,1,2
recTree/rec.slc.reco.pfp.trk.calo.2.points.truth.y,1,1,2
recTree/rec.slc.reco.pfp.trk.calo.2.points.truth.z,1,1,2
recTree/rec.slc.reco.pfp.trk.calo.2.points.width,1,1,2
recTree/rec.slc.reco.pfp.trk.calo.2.points.wire,1,1,2
recTree/rec.slc.reco.pfp.trk.calo.2.points.x,1,1,2
recTree/rec.slc.reco.pfp.trk.calo.2.points.y,1,1,2
recTree/rec.slc.reco.pfp.trk.calo.2.points.z,1,1,2
recTree/rec.slc.reco.pfp.trk.chi2pid.0.chi2_kaon,1,1,2
recTree/rec.slc.reco.pfp.trk.chi2pid.0.chi2_muon,1,1,2
recTree/rec.slc.reco.pfp.trk.chi2pid.0.chi2_pion,1,1,2
recTree/rec.slc.reco.pfp.trk.chi2pid.0.chi2_proton,1,1,2
recTree/rec.slc.reco.pfp.trk.chi2pid.0.pdg,1,1,2
recTree/rec.slc.reco.pfp.trk.chi2pid.0.pid_ndof,1,1,2
recTree/rec.slc.reco.pfp.trk.chi2pid.0.pida,1,1,2
recTree/rec.slc.reco.pfp.trk.chi2pid.1.chi2_kaon,1,1,2
recTree/rec.slc.reco.pfp.trk.chi2pid.1.chi2_muon,1,1,2
recTree/rec.slc.reco.pfp.trk.chi2pid.1.chi2_pion,1,1,2
recTree/rec.slc.reco.pfp.trk.chi2pid.1.chi2_proton,1,1,2
recTree/rec.slc.reco.pfp.trk.chi2pid.1.pdg,1,1,2
recTree/rec.slc.reco.pfp.trk.chi2pid.1.pid_ndof,1,1,2
recTree/rec.slc.reco.pfp.trk.chi2pid.1.pida,1,1,2
recTree/rec.slc.reco.pfp.trk.chi2pid.2.chi2_kaon,1,1,2
recTree/rec.slc.reco.pfp.trk.chi2pid.2.chi2_muon,1,1,2
recTree/rec.slc.reco.pfp.trk.chi2pid.2.chi2_pion,1,1,2
recTree/rec.slc.reco.pfp.trk.chi2pid.2.chi2_proton,1,1,2
recTree/rec.slc.reco.pfp.trk.chi2pid.2.pdg,1,1,2
recTree/rec.slc.reco.pfp.trk.chi2pid.2.pid_ndof,1,1,2
recTree/rec.slc.reco.pfp.trk.chi2pid.2.pida,1,1,2
recTree/rec.slc.reco.pfp.trk.costh,1,1,2
recTree/rec.slc.reco.pfp.trk.crthit.crossX,1,1,2
recTree/rec.slc.reco.pfp.trk.crthit.crossY,1,1,2
recTree/rec.slc.reco.pfp.trk.crthit.crossZ,1,1,2
recTree/rec.slc.reco.pfp.trk.crthit.deltaX,1,1,2
recTree/rec.slc.reco.pfp.trk.crthit.deltaY,1,1,2
recTree/rec.slc.reco.pfp.trk.crthit.deltaZ,1,1,2
recTree/rec.slc.reco.pfp.trk.crthit.distance,1,1,2
recTree/rec.slc.reco.pfp.trk.crthit.hit.pe,1,1,2
recTree/rec.slc.reco.pfp.trk.crthit.hit.plane,1,1,2
recTree/rec.slc.reco.pfp.trk.crthit.hit.position.x,1,1,2
recTree/rec.slc.reco.pfp.trk.crthit.hit.position.y,1,1,2
recTree/rec.slc.reco.pfp.trk.crthit.hit.position.z,1,1,2
recTree/rec.slc.reco.pfp.trk.crthit.hit.position_err.x,1,1,2
recTree/rec.slc.reco.pfp.trk.crthit.hit.position_err.y,1,1,2
recTree/rec.slc.reco.pfp.trk.crthit.hit.position_err.z,1,1,2
recTree/rec.slc.reco.pfp.trk.crthit.hit.t0,1,1,2
recTree/rec.slc.reco.pfp.trk.crthit.hit.t1,1,1,2
recTree/rec.slc.reco.pfp.trk.crthit.hit.time,1,1,2
recTree/rec.slc.reco.pfp.trk.crthit.region,1,1,2
recTree/rec.slc.reco.pfp.trk.crthit.sys,1,1,2
recTree/rec.slc.reco.pfp.trk.crtsbndtrack.score,1,1,2
recTree/rec.slc.reco.pfp.trk.crtsbndtrack.track.pe,1,1,2
recTree/rec.slc.reco.pfp.trk.crtsbndtrack.track.points..idx,1,1,2
recTree/rec.slc.reco.pfp.trk.crtsbndtrack.track.points..length,1,1,2
recTree/rec.slc.reco.pfp.trk.crtsbndtrack.track.points..totarraysize,1,1,2
recTree/rec.slc.reco.pfp.trk.crtsbndtrack.track.points.x,1,1,2
recTree/rec.slc.reco.pfp.trk.crtsbndtrack.track.points.y,1,1,2
recTree/rec.slc.reco.pfp.trk.crtsbndtrack.track.points.z,1,1,2
recTree/rec.slc.reco.pfp.trk.crtsbndtrack.track.time,1,1,2
recTree/rec.slc.reco.pfp.trk.crtsbndtrack.track.time_err,1,1,2
recTree/rec.slc.reco.pfp.trk.crtsbndtrack.track.tof,1,1,2
recTree/rec.slc.reco.pfp.trk.crtspacepoint.score,1,1,2
recTree/rec.slc.reco.pfp.trk.crtspacepoint.spacepoint.complete,1,1,2
recTree/rec.slc.reco.pfp.trk.crtspacepoint.spacepoint.pe,1,1,2
recTree/rec.slc.reco.pfp.trk.crtspacepoint.spacepoint.position.x,1,1,2
recTree/rec.slc.reco.pfp.trk.crtspacepoint.spacepoint.position.y,1,1,2
recTree/rec.slc.reco.pfp.trk.crtspacepoint.spacepoint.position.z,1,1,2
recTree/rec.slc.reco.pfp.trk.crtspacepoint.spacepoint.position_err.x,1,1,2
recTree/rec.slc.reco.pfp.trk.crtspacepoint.spacepoint.position_err.y,1,1,2
recTree/rec.slc.reco.pfp.trk.crtspacepoint.spacepoint.position_err.z,1,1,2
recTree/rec.slc.reco.pfp.trk.crtspacepoint.spacepoint.time,1,1,2
recTree/rec.slc.reco.pfp.trk.crtspacepoint.spacepoint.time_err,1,1,2
recTree/rec.slc.reco.pfp.trk.crttrack.angle,1,1,2
recTree/rec.slc.reco.pfp.trk.crttrack.time,1,1,2
recTree/rec.slc.reco.pfp.trk.dazzle.bestScore,1,1,2
recTree/rec.slc.reco.pfp.trk.dazzle.muonScore,1,1,2
recTree/rec.slc.reco.pfp.trk.dazzle.otherScore,1,1,2
recTree/rec.slc.reco.pfp.trk.dazzle.pdg,1,1,2
recTree/rec.slc.reco.pfp.trk.dazzle.pionScore,1,1,2
recTree/rec.slc.reco.pfp.trk.dazzle.protonScore,1,1,2
recTree/rec.slc.reco.pfp.trk.dir.x,1,1,2
recTree/rec.slc.reco.pfp.trk.dir.y,1,1,2
recTree/rec.slc.reco.pfp.trk.dir.z,1,1,2
recTree/rec.slc.reco.pfp.trk.dir_end.x,1,1,2
recTree/rec.slc.reco.pfp.trk.dir_end.y,1,1,2
recTree/rec.slc.reco.pfp.trk.dir_end.z,1,1,2
recTree/rec.slc.reco.pfp.trk.end.x,1,1,2
recTree/rec.slc.reco.pfp.trk.end.y,1,1,2
recTree/rec.slc.reco.pfp.trk.end.z,1,1,2
recTree/rec.slc.reco.pfp.trk.len,1,1,2
recTree/rec.slc.reco.pfp.trk.mcsP.bwdP_err_kaon,1,1,2
recTree/rec.slc.reco.pfp.trk.mcsP.bwdP_err_muon,1,1,2
recTree/rec.slc.reco.pfp.trk.mcsP.bwdP_err_pion,1,1,2
recTree/rec.slc.reco.pfp.trk.mcsP.bwdP_err_proton,1,1,2
recTree/rec.slc.reco.pfp.trk.mcsP.bwdP_kaon,1,1,2
recTree/rec.slc.reco.pfp.trk.mcsP.bwdP_muon,1,1,2
recTree/rec.slc.reco.pfp.trk.mcsP.bwdP_pion,1,1,2
recTree/rec.slc.reco.pfp.trk.mcsP.bwdP_proton,1,1,2
recTree/rec.slc.reco.pfp.trk.mcsP.fwdP_err_kaon,1,1,2
recTree/rec.slc.reco.pfp.trk.mcsP.fwdP_err_muon,1,1,2
recTree/rec.slc.reco.pfp.trk.mcsP.fwdP_err_pion,1,1,2
recTree/rec.slc.reco.pfp.trk.mcsP.fwdP_err_proton,1,1,2
recTree/rec.slc.reco.pfp.trk.mcsP.fwdP_kaon,1,1,2
recTree/rec.slc.reco.pfp.trk.mcsP.fwdP_muon,1,1,2
recTree/rec.slc.reco.pfp.trk.mcsP.fwdP_pion,1,1,2
recTree/rec.slc.reco.pfp.trk.mcsP.fwdP_proton,1,1,2
recTree/rec.slc.reco.pfp.trk.mcsP.is_bwd_kaon,1,1,2
recTree/rec.slc.reco.pfp.trk.mcsP.is_bwd_muon,1,1,2
recTree/rec.slc.reco.pfp.trk.mcsP.is_bwd_pion,1,1,2
recTree/rec.slc.reco.pfp.trk.mcsP.is_bwd_proton,1,1,2
recTree/rec.slc.reco.pfp.trk.mcsP.seg_length,1,1,2
recTree/rec.slc.reco.pfp.trk.mcsP.seg_length..idx,1,1,2
recTree/rec.slc.reco.pfp.trk.mcsP.seg_length..length,1,1,2
recTree/rec.slc.reco.pfp.trk.mcsP.seg_length..totarraysize,1,1,2
recTree/rec.slc.reco.pfp.trk.mcsP.seg_scatter_angles,1,1,2
recTree/rec.slc.reco.pfp.trk.mcsP.seg_scatter_angles..idx,1,1,2
recTree/rec.slc.reco.pfp.trk.mcsP.seg_scatter_angles..length,1,1,2
recTree/rec.slc.reco.pfp.trk.mcsP.seg_scatter_angles..totarraysize,1,1,2
recTree/rec.slc.reco.pfp.trk.npts,1,1,2
recTree/rec.slc.reco.pfp.trk.phi,1,1,2
recTree/rec.slc.reco.pfp.trk.producer,1,1,2
recTree/rec.slc.reco.pfp.trk.rangeP.p_muon,1,1,2
recTree/rec.slc.reco.pfp.trk.rangeP.p_pion,1,1,2
recTree/rec.slc.reco.pfp.trk.rangeP.p_proton,1,1,2
recTree/rec.slc.reco.pfp.trk.scatterClosestApproach.max,1,1,2
recTree/rec.slc.reco.pfp.trk.scatterClosestApproach.mean,1,1,2
recTree/rec.slc.reco.pfp.trk.scatterClosestApproach.stdDev,1,1,2
recTree/rec.slc.reco.pfp.trk.start.x,1,1,2
recTree/rec.slc.reco.pfp.trk.start.y,1,1,2
recTree/rec.slc.reco.pfp.trk.start.z,1,1,2
recTree/rec.slc.reco.pfp.trk.stoppingChi2Fit.expChi2,1,1,2
recTree/rec.slc.reco.pfp.trk.stoppingChi2Fit.pol0Chi2,1,1,2
recTree/rec.slc.reco.pfp.trk.stoppingChi2Fit.pol0Fit,1,1,2
recTree/rec.slc.reco.pfp.trk.truth.bestmatch.G4ID,1,1,2
recTree/rec.slc.reco.pfp.trk.truth.bestmatch.energy,1,1,2
recTree/rec.slc.reco.pfp.trk.truth.bestmatch.energy_completeness,1,1,2
recTree/rec.slc.reco.pfp.trk.truth.bestmatch.energy_purity,1,1,2
recTree/rec.slc.reco.pfp.trk.truth.bestmatch.hit_completeness,1,1,2
recTree/rec.slc.reco.pfp.trk.truth.bestmatch.hit_purity,1,1,2
recTree/rec.slc.reco.pfp.trk.truth.eff,1,1,2
recTree/rec.slc.reco.pfp.trk.truth.eff_cryo,1,1,2
recTree/rec.slc.reco.pfp.trk.truth.matches..idx,1,1,2
recTree/rec.slc.reco.pfp.trk.truth.matches..length,1,1,2
recTree/rec.slc.reco.pfp.trk.truth.matches..totarraysize,1,1,2
recTree/rec.slc.reco.pfp.trk.truth.matches.G4ID,1,1,2
recTree/rec.slc.reco.pfp.trk.truth.matches.energy,1,1,2
recTree/rec.slc.reco.pfp.trk.truth.matches.energy_completeness,1,1,2
recTree/rec.slc.reco.pfp.trk.truth.matches.energy_purity,1,1,2
recTree/rec.slc.reco.pfp.trk.truth.matches.hit_completeness,1,1,2
recTree/rec.slc.reco.pfp.trk.truth.matches.hit_purity,1,1,2
recTree/rec.slc.reco.pfp.trk.truth.nmatches,1,1,2
recTree/rec.slc.reco.pfp.trk.truth.p.G4ID,1,1,2
recTree/rec.slc.reco.pfp.trk.truth.p.cont_tpc,1,1,2
recTree/rec.slc.reco.pfp.trk.truth.p.contained,1,1,2
recTree/rec.slc.reco.pfp.trk.truth.p.crosses_tpc,1,1,2
recTree/rec.slc.reco.pfp.trk.truth.p.cryostat,1,1,2
recTree/rec.slc.reco.pfp.trk.truth.p.daughters,1,1,2
recTree/rec.slc.reco.pfp.trk.truth.p.daughters..idx,1,1,2
recTree/rec.slc.reco.pfp.trk.truth.p.daughters..length,1,1,2
recTree/rec.slc.reco.pfp.trk.truth.p.daughters..totarraysize,1,1,2
recTree/rec.slc.reco.pfp.trk.truth.p.end.x,1,1,2
recTree/rec.slc.reco.pfp.trk.truth.p.end.y,1,1,2
recTree/rec.slc.reco.pfp.trk.truth.p.end.z,1,1,2
recTree/rec.slc.reco.pfp.trk.truth.p.endE,1,1,2
recTree/rec.slc.reco.pfp.trk.truth.p.endT,1,1,2
recTree/rec.slc.reco.pfp.trk.truth.p.end_process,1,1,2
recTree/rec.slc.reco.pfp.trk.truth.p.endp.x,1,1,2
recTree/rec.slc.reco.pfp.trk.truth.p.endp.y,1,1,2
recTree/rec.slc.reco.pfp.trk.truth.p.endp.z,1,1,2
recTree/rec.slc.reco.pfp.trk.truth.p.gen.x,1,1,2
recTree/rec.slc.reco.pfp.trk.truth.p.gen.y,1,1,2
recTree/rec.slc.reco.pfp.trk.truth.p.gen.z,1,1,2
recTree/rec.slc.reco.pfp.trk.truth.p.genE,1,1,2
recTree/rec.slc.reco.pfp.trk.truth.p.genT,1,1,2
recTree/rec.slc.reco.pfp.trk.truth.p.generator,1,1,2
recTree/rec.slc.reco.pfp.trk.truth.p.genp.x,1,1,2
recTree/rec.slc.reco.pfp.trk.truth.p.genp.y,1,1,2
recTree/rec.slc.reco.pfp.trk.truth.p.genp.z,1,1,2
recTree/rec.slc.reco.pfp.trk.truth.p.gstatus,1,1,2
recTree/rec.slc.reco.pfp.trk.truth.p.interaction_id,1,1,2
recTree/rec.slc.reco.pfp.trk.truth.p.length,1,1,2
recTree/rec.slc.reco.pfp.trk.truth.p.parent,1,1,2
recTree/rec.slc.reco.pfp.trk.truth.p.pdg,1,1,2
recTree/rec.slc.reco.pfp.trk.truth.p.plane.0.0.nhit,1,1,2
recTree/rec.slc.reco.pfp.trk.truth.p.plane.0.0.visE,1,1,2
recTree/rec.slc.reco.pfp.trk.truth.p.plane.0.1.nhit,1,1,2
recTree/rec.slc.reco.pfp.trk.truth.p.plane.0.1.visE,1,1,2
recTree/rec.slc.reco.pfp.trk.truth.p.plane.0.2.nhit,1,1,2
recTree/rec.slc.reco.pfp.trk.truth.p.plane.0.2.visE,1,1,2
recTree/rec.slc.reco.pfp.trk.truth.p.plane.1.0.nhit,1,1,2
recTree/rec.slc.reco.pfp.trk.truth.p.plane.1.0.visE,1,1,2
recTree/rec.slc.reco.pfp.trk.truth.p.plane.1.1.nhit,1,1,2
recTree/rec.slc.reco.pfp.trk.truth.p.plane.1.1.visE,1,1,2
recTree/rec.slc.reco.pfp.trk.truth.p.plane.1.2.nhit,1,1,2
recTree/rec.slc.reco.pfp.trk.truth.p.plane.1.2.visE,1,1,2
recTree/rec.slc.reco.pfp.trk.truth.p.start.x,1,1,2
recTree/rec.slc.reco.pfp.trk.truth.p.start.y,1,1,2
recTree/rec.slc.reco.pfp.trk.truth.p.start.z,1,1,2
recTree/rec.slc.reco.pfp.trk.truth.p.startE,1,1,2
recTree/rec.slc.reco.pfp.trk.truth.p.startT,1,1,2
recTree/rec.slc.reco.pfp.trk.truth.p.start_process,1,1,2
recTree/rec.slc.reco.pfp.trk.truth.p.startp.x,1,1,2
recTree/rec.slc.reco.pfp.trk.truth.p.startp.y,1,1,2
recTree/rec.slc.reco.pfp.trk.truth.p.startp.z,1,1,2
recTree/rec.slc.reco.pfp.trk.truth.p.wallin,1,1,2
recTree/rec.slc.reco.pfp.trk.truth.p.wallout,1,1,2
recTree/rec.slc.reco.pfp.trk.truth.pur,1,1,2
recTree/rec.slc.reco.pfp.trk.truth.visEintrk,1,1,2
recTree/rec.slc.reco.stub..idx,1,1,2
recTree/rec.slc.reco.stub..length,1,1,2
recTree/rec.slc.reco.stub..totarraysize,1,1,2
recTree/rec.slc.reco.stub.efield_end,1,1,2
recTree/rec.slc.reco.stub.efield_vtx,1,1,2
recTree/rec.slc.reco.stub.end.x,1,1,2
recTree/rec.slc.reco.stub.end.y,1,1,2
recTree/rec.slc.reco.stub.end.z,1,1,2
recTree/rec.slc.reco.stub.pfpid,1,1,2
recTree/rec.slc.reco.stub.planes..idx,1,1,2
recTree/rec.slc.reco.stub.planes..length,1,1,2
recTree/rec.slc.reco.stub.planes..totarraysize,1,1,2
recTree/rec.slc.reco.stub.planes.hit_w,1,1,2
recTree/rec.slc.reco.stub.planes.hits..idx,1,1,2
recTree/rec.slc.reco.stub.planes.hits..length,1,1,2
recTree/rec.slc.reco.stub.planes.hits..totarraysize,1,1,2
recTree/rec.slc.reco.stub.planes.hits.charge,1,1,2
recTree/rec.slc.reco.stub.planes.hits.ontrack,1,1,2
recTree/rec.slc.reco.stub.planes.hits.wire,1,1,2
recTree/rec.slc.reco.stub.planes.p,1,1,2
recTree/rec.slc.reco.stub.planes.pitch,1,1,2
recTree/rec.slc.reco.stub.planes.trkpitch,1,1,2
recTree/rec.slc.reco.stub.planes.vtx_w,1,1,2
recTree/rec.slc.reco.stub.truth.bestmatch.G4ID,1,1,2
recTree/rec.slc.reco.stub.truth.bestmatch.energy,1,1,2
recTree/rec.slc.reco.stub.truth.bestmatch.energy_completeness,1,1,2
recTree/rec.slc.reco.stub.truth.bestmatch.energy_purity,1,1,2
recTree/rec.slc.reco.stub.truth.bestmatch.hit_completeness,1,1,2
recTree/rec.slc.reco.stub.truth.bestmatch.hit_purity,1,1,2
recTree/rec.slc.reco.stub.truth.eff,1,1,2
recTree/rec.slc.reco.stub.truth.eff_cryo,1,1,2
recTree/rec.slc.reco.stub.truth.matches..idx,1,1,2
recTree/rec.slc.reco.stub.truth.matches..length,1,1,2
recTree/rec.slc.reco.stub.truth.matches..totarraysize,1,1,2
recTree/rec.slc.reco.stub.truth.matches.G4ID,1,1,2
recTree/rec.slc.reco.stub.truth.matches.energy,1,1,2
recTree/rec.slc.reco.stub.truth.matches.energy_completeness,1,1,2
recTree/rec.slc.reco.stub.truth.matches.energy_purity,1,1,2
recTree/rec.slc.reco.stub.truth.matches.hit_completeness,1,1,2
recTree/rec.slc.reco.stub.truth.matches.hit_purity,1,1,2
recTree/rec.slc.reco.stub.truth.nmatches,1,1,2
recTree/rec.slc.reco.stub.truth.p.G4ID,1,1,2
recTree/rec.slc.reco.stub.truth.p.cont_tpc,1,1,2
recTree/rec.slc.reco.stub.truth.p.contained,1,1,2
recTree/rec.slc.reco.stub.truth.p.crosses_tpc,1,1,2
recTree/rec.slc.reco.stub.truth.p.cryostat,1,1,2
recTree/rec.slc.reco.stub.truth.p.daughters,1,1,2
recTree/rec.slc.reco.stub.truth.p.daughters..idx,1,1,2
recTree/rec.slc.reco.stub.truth.p.daughters..length,1,1,2
recTree/rec.slc.reco.stub.truth.p.daughters..totarraysize,1,1,2
recTree/rec.slc.reco.stub.truth.p.end.x,1,1,2
recTree/rec.slc.reco.stub.truth.p.end.y,1,1,2
recTree/rec.slc.reco.stub.truth.p.end.z,1,1,2
recTree/rec.slc.reco.stub.truth.p.endE,1,1,2
recTree/rec.slc.reco.stub.truth.p.endT,1,1,2
recTree/rec.slc.reco.stub.truth.p.end_process,1,1,2
recTree/rec.slc.reco.stub.truth.p.endp.x,1,1,2
recTree/rec.slc.reco.stub.truth.p.endp.y,1,1,2
recTree/rec.slc.reco.stub.truth.p.endp.z,1,1,2
recTree/rec.slc.reco.stub.truth.p.gen.x,1,1,2
recTree/rec.slc.reco.stub.truth.p.gen.y,1,1,2
recTree/rec.slc.reco.stub.truth.p.gen.z,1,1,2
recTree/rec.slc.reco.stub.truth.p.genE,1,1,2
recTree/rec.slc.reco.stub.truth.p.genT,1,1,2
recTree/rec.slc.reco.stub.truth.p.generator,1,1,2
recTree/rec.slc.reco.stub.truth.p.genp.x,1,1,2
recTree/rec.slc.reco.stub.truth.p.genp.y,1,1,2
recTree/rec.slc.reco.stub.truth.p.genp.z,1,1,2
recTree/rec.slc.reco.stub.truth.p.gstatus,1,1,2
recTree/rec.slc.reco.stub.truth.p.interaction_id,1,1,2
recTree/rec.slc.reco.stub.truth.p.length,1,1,2
recTree/rec.slc.reco.stub.truth.p.parent,1,1,2
recTree/rec.slc.reco.stub.truth.p.pdg,1,1,2
recTree/rec.slc.reco.stub.truth.p.plane.0.0.nhit,1,1,2
recTree/rec.slc.reco.stub.truth.p.plane.0.0.visE,1,1,2
recTree/rec.slc.reco.stub.truth.p.plane.0.1.nhit,1,1,2
recTree/rec.slc.reco.stub.truth.p.plane.0.1.visE,1,1,2
recTree/rec.slc.reco.stub.truth.p.plane.0.2.nhit,1,1,2
recTree/rec.slc.reco.stub.truth.p.plane.0.2.visE,1,1,2
recTree/rec.slc.reco.stub.truth.p.plane.1.0.nhit,1,1,2
recTree/rec.slc.reco.stub.truth.p.plane.1.0.visE,1,1,2
recTree/rec.slc.reco.stub.truth.p.plane.1.1.nhit,1,1,2
recTree/rec.slc.reco.stub.truth.p.plane.1.1.visE,1,1,2
recTree/rec.slc.reco.stub.truth.p.plane.1.2.nhit,1,1,2
recTree/rec.slc.reco.stub.truth.p.plane.1.2.visE,1,1,2
recTree/rec.slc.reco.stub.truth.p.start.x,1,1,2
recTree/rec.slc.reco.stub.truth.p.start.y,1,1,2
recTree/rec.slc.reco.stub.truth.p.start.z,1,1,2
recTree/rec.slc.reco.stub.truth.p.startE,1,1,2
recTree/rec.slc.reco.stub.truth.p.startT,1,1,2
recTree/rec.slc.reco.stub.truth.p.start_process,1,1,2
recTree/rec.slc.reco.stub.truth.p.startp.x,1,1,2
recTree/rec.slc.reco.stub.truth.p.startp.y,1,1,2
recTree/rec.slc.reco.stub.truth.p.startp.z,1,1,2
recTree/rec.slc.reco.stub.truth.p.wallin,1,1,2
recTree/rec.slc.reco.stub.truth.p.wallout,1,1,2
recTree/rec.slc.reco.stub.truth.pur,1,1,2
recTree/rec.slc.reco.stub.truth.visEintrk,1,1,2
recTree/rec.slc.reco.stub.vtx.x,1,1,2
recTree/rec.slc.reco.stub.vtx.y,1,1,2
recTree/rec.slc.reco.stub.vtx.z,1,1,2
recTree/rec.slc.self,1,1,2
recTree/rec.slc.tmatch.eff,1,1,2
recTree/rec.slc.tmatch.eff_cryo,1,1,2
recTree/rec.slc.tmatch.index,1,1,2
recTree/rec.slc.tmatch.pur,1,1,2
recTree/rec.slc.tmatch.visEcosmic,1,1,2
recTree/rec.slc.tmatch.visEinslc,1,1,2
recTree/rec.slc.truth.E,1,1,2
recTree/rec.slc.truth.Q2,1,1,2
recTree/rec.slc.truth.baseline,1,1,2
recTree/rec.slc.truth.bjorkenX,1,1,2
recTree/rec.slc.truth.cryostat,1,1,2
recTree/rec.slc.truth.det,1,1,2
recTree/rec.slc.truth.eccqe,1,1,2
recTree/rec.slc.truth.genVersion,1,1,2
recTree/rec.slc.truth.genVersion..idx,1,1,2
recTree/rec.slc.truth.genVersion..length,1,1,2
recTree/rec.slc.truth.genVersion..totarraysize,1,1,2
recTree/rec.slc.truth.generator,1,1,2
recTree/rec.slc.truth.genie_evtrec_idx,1,1,2
recTree/rec.slc.truth.genie_inttype,1,1,2
recTree/rec.slc.truth.genie_mode,1,1,2
recTree/rec.slc.truth.genweight,1,1,2
recTree/rec.slc.truth.hitnuc,1,1,2
recTree/rec.slc.truth.imp_weight,1,1,2
recTree/rec.slc.truth.index,1,1,2
recTree/rec.slc.truth.inelasticityY,1,1,2
recTree/rec.slc.truth.initpdg,1,1,2
recTree/rec.slc.truth.is_numucc_primary,1,1,2
recTree/rec.slc.truth.iscc,1,1,2
recTree/rec.slc.truth.ischarm,1,1,2
recTree/rec.slc.truth.isnc,1,1,2
recTree/rec.slc.truth.isseaquark,1,1,2
recTree/rec.slc.truth.isvtxcont,1,1,2
recTree/rec.slc.truth.modq,1,1,2
recTree/rec.slc.truth.modq_lab,1,1,2
recTree/rec.slc.truth.momentum.x,1,1,2
recTree/rec.slc.truth.momentum.y,1,1,2
recTree/rec.slc.truth.momentum.z,1,1,2
recTree/rec.slc.truth.nneutron,1,1,2
recTree/rec.slc.truth.npiminus,1,1,2
recTree/rec.slc.truth.npiplus,1,1,2
recTree/rec.slc.truth.npizero,1,1,2
recTree/rec.slc.truth.nprim,1,1,2
recTree/rec.slc.truth.nproton,1,1,2
recTree/rec.slc.truth.parent_dcy_E,1,1,2
recTree/rec.slc.truth.parent_dcy_mode,1,1,2
recTree/rec.slc.truth.parent_dcy_mom.x,1,1,2
recTree/rec.slc.truth.parent_dcy_mom.y,1,1,2
recTree/rec.slc.truth.parent_dcy_mom.z,1,1,2
recTree/rec.slc.truth.parent_pdg,1,1,2
recTree/rec.slc.truth.pdg,1,1,2
recTree/rec.slc.truth.plane.0.0.nhit,1,1,2
recTree/rec.slc.truth.plane.0.0.nhitprim,1,1,2
recTree/rec.slc.truth.plane.0.0.visE,1,1,2
recTree/rec.slc.truth.plane.0.1.nhit,1,1,2
recTree/rec.slc.truth.plane.0.1.nhitprim,1,1,2
recTree/rec.slc.truth.plane.0.1.visE,1,1,2
recTree/rec.slc.truth.plane.0.2.nhit,1,1,2
recTree/rec.slc.truth.plane.0.2.nhitprim,1,1,2
recTree/rec.slc.truth.plane.0.2.visE,1,1,2
recTree/rec.slc.truth.plane.1.0.nhit,1,1,2
recTree/rec.slc.truth.plane.1.0.nhitprim,1,1,2
recTree/rec.slc.truth.plane.1.0.visE,1,1,2
recTree/rec.slc.truth.plane.1.1.nhit,1,1,2
recTree/rec.slc.truth.plane.1.1.nhitprim,1,1,2
recTree/rec.slc.truth.plane.1.1.visE,1,1,2
recTree/rec.slc.truth.plane.1.2.nhit,1,1,2
recTree/rec.slc.truth.plane.1.2.nhitprim,1,1,2
recTree/rec.slc.truth.plane.1.2.visE,1,1,2
recTree/rec.slc.truth.position.x,1,1,2
recTree/rec.slc.truth.position.y,1,1,2
recTree/rec.slc.truth.position.z,1,1,2
recTree/rec.slc.truth.prim..idx,1,1,2
recTree/rec.slc.truth.prim..length,1,1,2
recTree/rec.slc.truth.prim..totarraysize,1,1,2
recTree/rec.slc.truth.prim.G4ID,1,1,2
recTree/rec.slc.truth.prim.cont_tpc,1,1,2
recTree/rec.slc.truth.prim.contained,1,1,2
recTree/rec.slc.truth.prim.crosses_tpc,1,1,2
recTree/rec.slc.truth.prim.cryostat,1,1,2
recTree/rec.slc.truth.prim.daughters,1,1,2
recTree/rec.slc.truth.prim.daughters..idx,1,1,2
recTree/rec.slc.truth.prim.daughters..length,1,1,2
recTree/rec.slc.truth.prim.daughters..totarraysize,1,1,2
recTree/rec.slc.truth.prim.end.x,1,1,2
recTree/rec.slc.truth.prim.end.y,1,1,2
recTree/rec.slc.truth.prim.end.z,1,1,2
recTree/rec.slc.truth.prim.endE,1,1,2
recTree/rec.slc.truth.prim.endT,1,1,2
recTree/rec.slc.truth.prim.end_process,1,1,2
recTree/rec.slc.truth.prim.endp.x,1,1,2
recTree/rec.slc.truth.prim.endp.y,1,1,2
recTree/rec.slc.truth.prim.endp.z,1,1,2
recTree/rec.slc.truth.prim.gen.x,1,1,2
recTree/rec.slc.truth.prim.gen.y,1,1,2
recTree/rec.slc.truth.prim.gen.z,1,1,2
recTree/rec.slc.truth.prim.genE,1,1,2
recTree/rec.slc.truth.prim.genT,1,1,2
recTree/rec.slc.truth.prim.generator,1,1,2
recTree/rec.slc.truth.prim.genp.x,1,1,2
recTree/rec.slc.truth.prim.genp.y,1,1,2
recTree/rec.slc.truth.prim.genp.z,1,1,2
recTree/rec.slc.truth.prim.gstatus,1,1,2
recTree/rec.slc.truth.prim.interaction_id,1,1,2
recTree/rec.slc.truth.prim.length,1,1,2
recTree/rec.slc.truth.prim.parent,1,1,2
recTree/rec.slc.truth.prim.pdg,1,1,2
recTree/rec.slc.truth.prim.plane.0.0.nhit,1,1,2
recTree/rec.slc.truth.prim.plane.0.0.visE,1,1,2
recTree/rec.slc.truth.prim.plane.0.1.nhit,1,1,2
recTree/rec.slc.truth.prim.plane.0.1.visE,1,1,2
recTree/rec.slc.truth.prim.plane.0.2.nhit,1,1,2
recTree/rec.slc.truth.prim.plane.0.2.visE,1,1,2
recTree/rec.slc.truth.prim.plane.1.0.nhit,1,1,2
recTree/rec.slc.truth.prim.plane.1.0.visE,1,1,2
recTree/rec.slc.truth.prim.plane.1.1.nhit,1,1,2
recTree/rec.slc.truth.prim.plane.1.1.visE,1,1,2
recTree/rec.slc.truth.prim.plane.1.2.nhit,1,1,2
recTree/rec.slc.truth.prim.plane.1.2.visE,1,1,2
recTree/rec.slc.truth.prim.start.x,1,1,2
recTree/rec.slc.truth.prim.start.y,1,1,2
recTree/rec.slc.truth.prim.start.z,1,1,2
recTree/rec.slc.truth.prim.startE,1,1,2
recTree/rec.slc.truth.prim.startT,1,1,2
recTree/rec.slc.truth.prim.start_process,1,1,2
recTree/rec.slc.truth.prim.startp.x,1,1,2
recTree/rec.slc.truth.prim.startp.y,1,1,2
recTree/rec.slc.truth.prim.startp.z,1,1,2
recTree/rec.slc.truth.prim.wallin,1,1,2
recTree/rec.slc.truth.prim.wallout,1,1,2
recTree/rec.slc.truth.prod_vtx.x,1,1,2
recTree/rec.slc.truth.prod_vtx.y,1,1,2
recTree/rec.slc.truth.prod_vtx.z,1,1,2
recTree/rec.slc.truth.q0,1,1,2
recTree/rec.slc.truth.q0_lab,1,1,2
recTree/rec.slc.truth.resnum,1,1,2
recTree/rec.slc.truth.t,1,1,2
recTree/rec.slc.truth.targetPDG,1,1,2
recTree/rec.slc.truth.time,1,1,2
recTree/rec.slc.truth.vtx.x,1,1,2
recTree/rec.slc.truth.vtx.y,1,1,2
recTree/rec.slc.truth.vtx.z,1,1,2
recTree/rec.slc.truth.w,1,1,2
recTree/rec.slc.truth.wgt..idx,1,1,2
recTree/rec.slc.truth.wgt..length,1,1,2
recTree/rec.slc.truth.wgt..totarraysize,1,1,2
recTree/rec.slc.truth.wgt.univ,1,1,2
recTree/rec.slc.truth.wgt.univ..idx,1,1,2
recTree/rec.slc.truth.wgt.univ..length,1,1,2
recTree/rec.slc.truth.wgt.univ..totarraysize,1,1,2
recTree/rec.slc.truth.xsec,1,1,2
recTree/rec.slc.vertex.x,1,1,2
recTree/rec.slc.vertex.y,1,1,2
recTree/rec.slc.vertex.z,1,1,2
recTree/rec.true_particles..length,1,1,2
recTree/rec.true_particles.G4ID,1,1,2
recTree/rec.true_particles.cont_tpc,1,1,2
recTree/rec.true_particles.contained,1,1,2
recTree/rec.true_particles.crosses_tpc,1,1,2
recTree/rec.true_particles.cryostat,1,1,2
recTree/rec.true_particles.daughters,1,1,2
recTree/rec.true_particles.daughters..idx,1,1,2
recTree/rec.true_particles.daughters..length,1,1,2
recTree/rec.true_particles.daughters..totarraysize,1,1,2
recTree/rec.true_particles.end.x,1,1,2
recTree/rec.true_particles.end.y,1,1,2
recTree/rec.true_particles.end.z,1,1,2
recTree/rec.true_particles.endE,1,1,2
recTree/rec.true_particles.endT,1,1,2
recTree/rec.true_particles.end_process,1,1,2
recTree/rec.true_particles.endp.x,1,1,2
recTree/rec.true_particles.endp.y,1,1,2
recTree/rec.true_particles.endp.z,1,1,2
recTree/rec.true_particles.gen.x,1,1,2
recTree/rec.true_particles.gen.y,1,1,2
recTree/rec.true_particles.gen.z,1,1,2
recTree/rec.true_particles.genE,1,1,2
recTree/rec.true_particles.genT,1,1,2
recTree/rec.true_particles.generator,1,1,2
recTree/rec.true_particles.genp.x,1,1,2
recTree/rec.true_particles.genp.y,1,1,2
recTree/rec.true_particles.genp.z,1,1,2
recTree/rec.true_particles.gstatus,1,1,2
recTree/rec.true_particles.interaction_id,1,1,2
recTree/rec.true_particles.length,1,1,2
recTree/rec.true_particles.parent,1,1,2
recTree/rec.true_particles.pdg,1,1,2
recTree/rec.true_particles.plane.0.0.nhit,1,1,2
recTree/rec.true_particles.plane.0.0.visE,1,1,2
recTree/rec.true_particles.plane.0.1.nhit,1,1,2
recTree/rec.true_particles.plane.0.1.visE,1,1,2
recTree/rec.true_particles.plane.0.2.nhit,1,1,2
recTree/rec.true_particles.plane.0.2.visE,1,1,2
recTree/rec.true_particles.plane.1.0.nhit,1,1,2
recTree/rec.true_particles.plane.1.0.visE,1,1,2
recTree/rec.true_particles.plane.1.1.nhit,1,1,2
recTree/rec.true_particles.plane.1.1.visE,1,1,2
recTree/rec.true_particles.plane.1.2.nhit,1,1,2
recTree/rec.true_particles.plane.1.2.visE,1,1,2
recTree/rec.true_particles.start.x,1,1,2
recTree/rec.true_particles.start.y,1,1,2
recTree/rec.true_particles.start.z,1,1,2
recTree/rec.true_particles.startE,1,1,2
recTree/rec.true_particles.startT,1,1,2
recTree/rec.true_particles.start_process,1,1,2
recTree/rec.true_particles.startp.x,1,1,2
recTree/rec.true_particles.startp.y,1,1,2
recTree/rec.true_particles.startp.z,1,1,2
recTree/rec.true_particles.wallin,1,1,2
recTree/rec.true_particles.wallout,1,1,2
GenieEvtRecTree/GENIEEntry,0,1,1
GenieEvtRecTree/GenieEvtRec.EvtDXSec,0,1,1
GenieEvtRecTree/GenieEvtRec.EvtKPS,0,1,1
GenieEvtRecTree/GenieEvtRec.EvtNum,0,1,1
GenieEvtRecTree/GenieEvtRec.EvtProb,0,1,1
GenieEvtRecTree/GenieEvtRec.EvtVtx,0,1,1
GenieEvtRecTree/GenieEvtRec.EvtWght,0,1,1
GenieEvtRecTree/GenieEvtRec.EvtXSec,0,1,1
GenieEvtRecTree/GenieEvtRec.StdHepFd,0,1,1
GenieEvtRecTree/GenieEvtRec.StdHepFm,0,1,1
GenieEvtRecTree/GenieEvtRec.StdHepLd,0,1,1
GenieEvtRecTree/GenieEvtRec.StdHepLm,0,1,1
GenieEvtRecTree/GenieEvtRec.StdHepN,0,1,1
GenieEvtRecTree/GenieEvtRec.StdHepP4,0,1,1
GenieEvtRecTree/GenieEvtRec.StdHepPdg,0,1,1
GenieEvtRecTree/GenieEvtRec.StdHepPolz,0,1,1
GenieEvtRecTree/GenieEvtRec.StdHepRescat,0,1,1
GenieEvtRecTree/GenieEvtRec.StdHepStatus,0,1,1
GenieEvtRecTree/GenieEvtRec.StdHepX4,0,1,1
GenieEvtRecTree/SourceFileHash,0,1,1
env/envtree/key,0,1,1
env/envtree/value,0,1,1
globalTree/global,0,1,1
globalTree/global/wgts,0,1,1
globalTree/global/wgts/wgts.covmx,0,1,1
globalTree/global/wgts/wgts.map,0,1,1
globalTree/global/wgts/wgts.name,0,1,1
globalTree/global/wgts/wgts.nuniv,0,1,1
globalTree/global/wgts/wgts.type,0,1,1
recTree/rec.hdr.bnbinfo.HP873,0,1,1
recTree/rec.hdr.bnbinfo.M875HM,0,1,1
recTree/rec.hdr.bnbinfo.M875HS,0,1,1
recTree/rec.hdr.bnbinfo.M875VM,0,1,1
recTree/rec.hdr.bnbinfo.M875VS,0,1,1
recTree/rec.hdr.bnbinfo.M876HM,0,1,1
recTree/rec.hdr.bnbinfo.M876HS,0,1,1
recTree/rec.hdr.bnbinfo.M876VM,0,1,1
recTree/rec.hdr.bnbinfo.M876VS,0,1,1
recTree/rec.hdr.bnbinfo.VP873,0,1,1
recTree/rec.hdr.spillbnbinfo.HP873,0,1,1
recTree/rec.hdr.spillbnbinfo.M875HM,0,1,1
recTree/rec.hdr.spillbnbinfo.M875HS,0,1,1
recTree/rec.hdr.spillbnbinfo.M875VM,0,1,1
recTree/rec.hdr.spillbnbinfo.M875VS,0,1,1
recTree/rec.hdr.spillbnbinfo.M876HM,0,1,1
recTree/rec.hdr.spillbnbinfo.M876HS,0,1,1
recTree/rec.hdr.spillbnbinfo.M876VM,0,1,1
recTree/rec.hdr.spillbnbinfo.M876VS,0,1,1
recTree/rec.hdr.spillbnbinfo.VP873,0,1,1
